Geolocation,Commodity,2010 January,2010 February,2010 March,2010 April,2010 May,2010 June,2010 July,2010 August,2010 September,2010 October,2010 November,2010 December,2011 January,2011 February,2011 March,2011 April,2011 May,2011 June,2011 July,2011 August,2011 September,2011 October,2011 November,2011 December,2012 January,2012 February,2012 March,2012 April,2012 May,2012 June,2012 July,2012 August,2012 September,2012 October,2012 November,2012 December,2013 January,2013 February,2013 March,2013 April,2013 May,2013 June,2013 July,2013 August,2013 September,2013 October,2013 November,2013 December,2014 January,2014 February,2014 March,2014 April,2014 May,2014 June,2014 July,2014 August,2014 September,2014 October,2014 November,2014 December,2015 January,2015 February,2015 March,2015 April,2015 May,2015 June,2015 July,2015 August,2015 September,2015 October,2015 November,2015 December,2016 January,2016 February,2016 March,2016 April,2016 May,2016 June,2016 July,2016 August,2016 September,2016 October,2016 November,2016 December,2017 January,2017 February,2017 March,2017 April,2017 May,2017 June,2017 July,2017 August,2017 September,2017 October,2017 November,2017 December,2018 January,2018 February,2018 March,2018 April,2018 May,2018 June,2018 July,2018 August,2018 September,2018 October,2018 November,2018 December,2019 January,2019 February,2019 March,2019 April,2019 May,2019 June,2019 July,2019 August,2019 September,2019 October,2019 November,2019 December,2020 January,2020 February,2020 March,2020 April,2020 May,2020 June,2020 July,2020 August,2020 September,2020 October,2020 November,2020 December,2021 January,2021 February,2021 March,2021 April,2021 May,2021 June,2021 July,2021 August,2021 September,2021 October,2021 November,2021 December,2022 January,2022 February,2022 March,2022 April,2022 May,2022 June,2022 July,2022 August,2022 September,2022 October,2022 November,2022 December
..NATIONAL CAPITAL REGION (NCR),Habitchuelas [Snap beans],20.51,27.28,39.31,28.01,28.09,31.17,27.8,14.9,18.6,44.17,54.01,29.87,21.4,22.46,20.25,25.15,42.2,51.34,32.97,36.04,43.31,75.7,36.48,36.44,30.58,39.96,35.32,22.71,30.22,35.11,32.26,52.83,37.83,27.41,37.56,35.84,34.91,23.63,28,30.81,41.24,35.68,25.07,35.92,55.88,50.56,33.08,30.56,27.96,29.73,29.89,37.98,29.98,36,38.13,43.11,32.19,33.54,25.61,..,..,29.83,26.65,33.01,..,..,52.08,37.38,37.95,..,89.32,35.95,28.46,31.6,33.75,38.2,61.38,..,26.39,58.43,..,..,..,..,33.28,41.19,32.49,32.71,30.48,54.45,44.4,..,..,..,..,..,..,..,..,..,..,..,..,..,..,..,..,..,..,43.96,36.3,63.53,67.06,40.1,..,54.6,66.31,..,43.59,..,39.48,39.89,40.48,68,83.67,41.53,29.58,45.89,..,..,117.53,108.69,40.58,45.88,..,41.43,55.63,93,51.42,..,42.57,..,..,40.66,..,..,47.4,41.86,..,..,70.6,47.31,..,..,81.77,69.12
..NATIONAL CAPITAL REGION (NCR),"Kidney Beans, white",36.67,36.67,36.67,38.67,38.67,38.67,39.63,42.67,44.67,44.67,45,45.33,45.33,45.33,42.22,41.33,42,42,42,42,44,44.5,47.56,48,47.44,46.25,46.25,46.25,46.25,46.25,48.44,48.5,48.5,48.5,54.38,58.25,57.75,57.75,57.75,57.75,57.75,57.75,58.5,60,..,..,..,..,..,..,..,81.75,79.11,81.75,82.22,86,86,89.2,89.2,..,89.63,..,..,..,..,..,70.78,73.25,73.75,..,74.13,71.25,73.05,59.05,67.93,47.41,64.83,..,45.6,..,..,..,..,..,46.68,55.1,55.4,85.79,84.12,82.89,51.38,..,..,..,..,..,..,..,..,..,..,..,..,..,..,..,..,..,..,74.68,68.2,78,69.38,80,..,80,73.75,..,80,..,78.3,67.13,76.6,78.6,78.03,67.2,67.2,67.2,..,..,68.37,75.43,75.43,80.42,85.38,85.38,86.03,87.61,86.5,..,84.72,78.67,75.63,82.7,..,74.4,77.93,72.98,..,..,78.6,76.82,..,..,80.2,80.2
..NATIONAL CAPITAL REGION (NCR),"Mongo [Mungbean], green",63.88,64,64,64.83,66,66,66,66.34,67,66,65.63,68,69.5,70,70,69.44,66.34,65.5,65.5,65.5,65.5,63.44,62.61,59,55.63,55,55,55,54.33,52,52,48,48,48,48,32,47.75,49.72,50.6,50.13,50,50,50,50.75,56.38,60.33,63,66.25,66.25,66.25,62.11,64.72,62.75,62.75,62.75,62.75,62.75,63.7,63.83,..,70.14,69.32,68.85,..,..,..,71.36,71.41,70.35,..,69.8,68.76,67.74,64.21,64.09,62.99,64.28,..,62.83,87.88,..,..,..,..,67.16,74.56,74.82,74.42,67.4,65.64,68.35,..,..,..,..,..,..,..,..,..,..,..,..,..,..,..,..,..,..,61.01,61.5,62.66,61.28,59.66,..,64.96,65.2,..,64.81,..,68.31,71.48,73.54,99.94,99.11,83.04,78.71,80.08,..,..,70.72,73.03,73.48,76.88,75.71,74.48,72.15,72.02,72.64,..,79.63,78.37,78.11,77.87,..,74.72,80.47,80.69,..,..,72.84,77.45,..,..,90.01,89.91
..NATIONAL CAPITAL REGION (NCR),"Mongo [Mungbean], Yellow",70.67,70.67,70.67,72.56,74.14,74.33,74.78,83.08,93.48,94.67,94.67,94.67,94.67,94.67,94.67,93.67,89.83,89.33,89.33,89.33,89.33,91.38,91.67,91.67,91.67,91.67,91.67,91.67,91.67,91.67,91.67,91.67,91.67,76.67,73.23,61.19,57.6,59.7,58.25,58.25,58.25,58.25,58.25,..,..,..,72.71,78.25,79.03,80,75,80,80,80,80,80,80,80,80,..,85,71.77,..,75.85,..,..,75.33,72.88,72.63,..,80.5,68.76,79.78,83.3,82.73,..,..,..,83.89,109.83,..,..,..,..,84.9,98.53,99.13,97,96.26,95.8,94.9,..,..,..,..,..,..,..,..,..,..,..,..,..,..,..,..,..,..,79.25,79.4,78.63,79.2,79.2,..,79.2,79.3,..,79.6,..,78.1,77,77,..,77,77,76.56,76.98,..,..,77,77,77,77,77,77,77,77,77,..,77,77,77,77,..,77,77,77,..,..,77,77.17,..,..,78,78
..NATIONAL CAPITAL REGION (NCR),"Peanut with shell, dry",..,..,..,..,..,..,..,..,..,..,..,..,..,..,..,..,..,..,..,..,..,..,..,..,..,..,..,..,..,..,..,..,..,..,..,..,..,..,..,..,..,..,..,..,..,..,..,..,..,..,..,..,..,..,..,..,..,..,..,..,..,..,..,..,..,..,..,..,..,..,..,..,..,..,..,..,..,..,..,..,..,..,..,..,..,..,..,..,..,..,45.6,..,..,..,..,..,..,..,..,..,..,..,..,..,..,..,..,..,..,61.68,65.86,45.74,49.41,59,..,53.46,63.81,..,67.07,..,56.18,53.3,48.48,68.24,..,80,65.6,69.06,..,..,55.23,60.5,64.32,50.71,42.85,51.45,48.88,49.45,52.55,..,51.33,51.35,53.21,54.23,..,44.86,52.91,47.34,..,..,57.32,52.6,..,..,51.28,55.48
..NATIONAL CAPITAL REGION (NCR),"Peanut without shell, dry",54.25,54.5,55.67,55.67,55.67,55.67,55.67,60.67,60.67,61.22,61.67,64.67,64.67,64.67,64.67,64.67,64.67,64.67,64.67,64.67,65.56,67.42,68.67,68.67,68.67,69.78,70.67,70.67,70.89,71.67,71.67,67.33,67.33,66.33,66.33,66.33,66.33,66.33,66.33,66.33,66.33,66.33,66.33,66.33,63.17,60.44,59.57,61,61,61,54.19,55.8,54.77,54.44,54.44,54.44,54.44,59.83,65.46,..,67,90,..,..,..,..,90,90,90,..,91.5,90,80.5,74.45,..,72.82,78.38,..,86.22,86.31,..,..,..,..,85.35,73.94,70.47,67.32,55.49,65.73,72.4,..,..,..,..,..,..,..,..,..,..,..,..,..,..,..,..,..,..,..,..,70.86,71.36,72.8,..,79.4,79.4,..,77.51,..,73,66.6,66.6,..,72.68,66.6,74.84,65.8,..,..,65.8,..,65.8,65.8,65.8,65.8,73.54,76.96,76.4,..,77.12,76.58,76.81,77.5,..,73.39,76.2,72,..,..,77.7,79.01,..,..,102.37,104.58
..NATIONAL CAPITAL REGION (NCR),Stringbeans,29.9,29.15,30.4,29.79,31.19,28.18,28.9,24.73,21.93,29.52,38.57,27.57,30.72,29.17,28.97,29.72,44.67,30.62,29.86,31.19,33.08,41.93,34.87,33.24,31.45,33.13,37.12,31.23,25.4,20.39,22.67,46.22,38.71,27.25,25.09,36.43,37.12,32.02,39,31.34,31.21,34.87,30.28,24.36,34.16,55.56,39.28,34.27,35.8,33.36,36.25,31.96,29.72,31.01,40.41,39.07,38.35,24.84,25.24,..,..,40.3,37.49,31.55,..,..,46.29,33.63,26.83,..,48.64,61.43,50.03,39.48,32.5,37.94,46.73,..,26.96,60.5,..,..,..,..,51.94,35.98,38,36.51,31.71,34.06,30.69,..,..,..,..,..,..,..,..,..,..,..,..,..,..,..,..,..,..,44.04,47.8,40.49,45.54,48.61,..,45.97,55.93,..,47.83,..,45.15,62.29,60.05,66.47,70.8,40.84,28.43,36.75,..,..,87.99,84.31,57.2,48.1,56.83,51.06,53.53,..,59.8,..,..,49.96,40.99,..,..,53.26,31.99,36.07,..,..,43.56,37.11,..,..,82,65.21
..NATIONAL CAPITAL REGION (NCR),Sweet Peas,55.74,66.35,97.58,118.18,105.5,94.18,94.33,125.5,105.5,124.61,147.03,126.61,57,65.9,69.8,70.8,104.43,177.84,145.1,101.81,212.74,310.92,149.29,108.31,74.26,79.49,97.55,85.79,79.26,126.6,163.66,176.35,130.11,170.87,113.83,107.96,81.11,70.78,80.43,80.23,131.15,120.96,135.07,169.78,226.19,159.7,95.41,89.23,81.08,78.89,69.46,119.98,141.11,108.98,103.1,125.73,139.33,163.6,122.79,..,..,68.65,69.45,103.53,..,..,132.41,144.4,171.95,..,149.47,105.88,85.64,84.56,92.56,116.39,162.5,..,143.11,215.14,..,..,..,..,89.5,101.13,123.63,137.86,133.87,234.11,192,..,..,..,..,..,..,..,..,..,..,..,..,..,..,..,..,..,..,117.06,105,114,219.9,234.75,..,221.22,217.25,..,189.56,..,101.3,123.27,96.75,140.33,209.08,183.78,158.24,215,..,..,298.4,239.88,179.87,153,..,165.41,179.17,225.38,254.8,..,..,334.04,..,239.88,..,..,99.25,201.3,..,..,220.58,310.08,..,..,217.11,189.58
..NATIONAL CAPITAL REGION (NCR),Sweet Peas Native,..,..,..,..,..,..,..,..,..,..,..,..,..,..,..,..,..,..,..,..,..,..,..,..,..,..,..,..,..,..,..,..,..,..,..,..,..,..,..,..,..,..,..,..,..,..,..,..,..,..,..,..,..,..,..,..,..,..,..,..,..,..,..,..,..,..,..,..,..,..,..,..,..,..,..,..,..,..,..,..,..,..,..,..,..,..,..,..,..,..,..,..,..,..,..,..,..,..,..,..,..,..,..,..,..,..,..,..,..,..,..,..,..,..,..,..,..,..,..,..,..,..,..,..,..,..,..,86,..,..,..,..,..,87.6,70,..,..,..,..,..,193.33,..,..,..,..,..,..,..,..,..,..,..,..,..,..,..
..CORDILLERA ADMINISTRATIVE REGION (CAR),Habitchuelas [Snap beans],12.38,18.57,24.83,20.47,21.31,27.69,20.2,17.6,17.38,36.33,55,22.48,16.5,15.8,15.05,17.31,31.46,43.03,30.52,32.69,46.55,87.25,31.85,24.45,23.18,32.85,31.16,16.86,17.8,29.52,34.69,51.64,37.35,24.97,28.03,27.49,26.58,19.83,24.07,28.58,28.34,29.2,24.54,23.82,50.88,47.46,23.78,27.35,25.83,23.2,27.78,29.43,26.71,30,30.84,38.71,35,38.99,27.2,24.44,26.73,24.44,23.05,29.04,38.37,33.45,42.72,41.51,60.31,57.94,57.42,40.35,26.25,27.78,29.28,35.97,49.83,36.93,18.51,29.46,44.96,66.07,62.82,37.42,25.32,31.05,26.57,26.64,27.17,40.76,35.23,37.47,41.92,41.32,37.89,49.15,41.72,31.18,29.23,21.25,..,51.31,57.95,48.69,84.5,73.15,46.38,30.96,40.43,34.18,30.83,43.45,51.86,..,38.02,49.95,54.88,46.7,39.85,41.89,28.33,33.25,36.71,50.24,52.86,32.18,22.02,35.53,51.11,65.89,86.63,79,..,27.23,..,..,..,59,40.51,45.91,..,..,..,..,..,..,44.56,..,..,..,45,..,47.11,76.95,76.56,52.22
..CORDILLERA ADMINISTRATIVE REGION (CAR),"Kidney Beans, white",..,..,..,..,..,..,..,..,..,..,..,..,..,..,..,..,..,..,..,..,..,..,..,..,..,..,..,..,..,..,..,..,..,..,..,..,..,..,..,..,..,..,..,..,..,..,..,..,..,..,..,..,..,..,..,..,..,..,..,..,..,..,..,..,..,..,..,..,..,..,..,..,..,..,..,..,..,..,..,..,..,..,..,..,..,..,..,..,..,..,..,..,..,..,..,..,..,..,..,..,..,..,..,..,..,..,..,..,..,..,..,..,..,..,..,..,..,..,..,..,..,..,..,..,..,..,..,..,..,..,..,..,..,..,..,..,..,..,..,..,..,..,..,..,..,..,..,..,..,..,..,..,..,..,..,..
..CORDILLERA ADMINISTRATIVE REGION (CAR),"Mongo [Mungbean], green",..,..,..,..,..,..,..,..,..,..,..,..,..,..,..,..,..,..,..,..,..,..,..,..,..,..,..,..,..,..,..,..,..,..,..,..,..,..,..,..,..,..,..,..,..,..,..,..,..,..,..,..,..,..,..,..,..,..,..,..,..,..,..,..,..,..,..,..,..,..,..,..,..,..,..,..,..,..,..,..,..,..,..,..,..,..,..,..,..,..,..,..,..,..,..,..,..,..,..,..,..,..,..,..,..,..,..,..,..,..,..,..,..,..,..,..,..,..,..,..,..,..,..,..,..,..,..,..,..,..,..,..,..,..,..,..,..,..,..,..,..,..,..,..,..,..,..,..,..,..,..,..,..,..,..,..
..CORDILLERA ADMINISTRATIVE REGION (CAR),"Mongo [Mungbean], Yellow",..,..,..,..,..,..,..,..,..,..,..,..,..,..,..,..,..,..,..,..,..,..,..,..,..,..,..,..,..,..,..,..,..,..,..,..,..,..,..,..,..,..,..,..,..,..,..,..,..,..,..,..,..,..,..,..,..,..,..,..,..,..,..,..,..,..,..,..,..,..,..,..,..,..,..,..,..,..,..,..,..,..,..,..,..,..,..,..,..,..,..,..,..,..,..,..,..,..,..,..,..,..,..,..,..,..,..,..,..,..,..,..,..,..,..,..,..,..,..,..,..,..,..,..,..,..,..,..,..,..,..,..,..,..,..,..,..,..,..,..,..,..,..,..,..,..,..,..,..,..,..,..,..,..,..,..
..CORDILLERA ADMINISTRATIVE REGION (CAR),"Peanut with shell, dry",..,..,..,..,..,..,..,..,..,..,..,..,..,..,..,..,..,..,..,..,..,..,..,..,..,..,..,..,..,..,..,..,..,..,..,..,..,..,..,..,..,..,..,..,..,..,..,..,..,..,..,..,..,..,..,..,..,..,..,..,..,..,..,..,..,..,..,..,..,..,..,..,..,..,..,..,..,..,..,..,..,..,..,..,..,..,..,..,..,..,..,..,..,..,..,..,..,..,..,..,..,..,..,..,..,..,..,..,..,..,..,..,..,..,..,..,..,..,..,..,..,..,..,..,..,..,..,..,..,..,..,..,..,..,..,..,..,..,..,..,..,..,..,..,..,..,..,..,..,..,..,..,..,..,..,..
..CORDILLERA ADMINISTRATIVE REGION (CAR),"Peanut without shell, dry",..,..,..,..,..,..,..,..,..,..,..,..,..,..,..,..,..,..,..,..,..,..,..,..,..,..,..,..,..,..,..,..,..,..,..,..,..,..,..,..,..,..,..,..,..,..,..,..,..,..,..,..,..,..,..,..,..,..,..,..,..,..,..,..,..,..,..,..,..,..,..,..,..,..,..,..,..,..,..,..,..,..,..,..,..,..,..,..,..,..,..,..,..,..,..,..,..,..,..,..,..,..,..,..,..,..,..,..,..,..,..,..,..,..,..,..,..,..,..,..,..,..,..,..,..,..,..,..,..,..,..,..,..,..,..,..,..,..,..,..,..,..,..,..,..,..,..,..,..,..,..,..,..,..,..,..
..CORDILLERA ADMINISTRATIVE REGION (CAR),Stringbeans,..,..,..,..,..,..,..,..,..,..,..,..,..,..,..,..,..,..,..,..,..,..,..,..,..,..,..,..,..,..,..,..,..,..,..,..,..,..,..,..,..,..,..,..,..,..,..,..,..,..,..,..,..,..,..,..,..,..,..,..,..,..,..,..,..,..,..,..,..,..,..,..,..,..,..,..,..,..,..,..,..,..,..,..,..,..,..,..,..,..,..,..,..,..,..,..,..,..,..,..,..,..,..,..,..,..,..,..,..,..,..,..,..,..,..,..,..,..,..,..,..,..,..,..,..,..,..,..,..,..,..,..,..,..,..,..,..,..,..,..,..,..,..,..,..,..,..,..,..,..,..,..,..,..,..,..
..CORDILLERA ADMINISTRATIVE REGION (CAR),Sweet Peas,42.7,27.4,75.44,94.64,107.43,74.2,106.57,104.38,113.69,113.33,133.71,105.76,56.42,46.45,47.16,51.09,69.48,165.88,151.23,93.89,194.88,304.29,136.6,85.23,80.49,109.65,84.14,88.3,81.38,126.15,163.62,182.79,169.67,175.31,89.58,88.55,91.71,68.08,76.25,96.73,124.79,129.33,135.36,180.19,216.75,..,67.33,116.72,79.26,64.67,64.17,118,135.13,77.47,87.43,157.69,150.08,182.93,125.67,111.78,56.22,49.64,54.58,74.72,125.17,116.08,169.69,169.45,139.91,142.43,140.42,91.11,71.8,69.9,68.67,100.92,154.22,190.58,128.52,152.23,220,256.87,225.75,118.15,44.83,65.12,76.14,93,109.34,189.06,144.58,196.21,153.15,218,213.38,177.5,109.52,92.65,95.09,87.5,..,155.85,147.85,240,229.5,243.69,144.62,108.18,124.07,109.03,76.49,80.68,185.11,..,229.19,230.93,195.32,220,162.06,113.22,76.84,113.51,66.8,110.91,147.5,155.47,149.89,153.75,169.55,178.51,225.52,190.8,..,100,..,..,..,202.18,199.44,205.97,..,..,..,..,..,..,..,..,..,..,166.5,..,282.67,162.5,112.78,124.44
..CORDILLERA ADMINISTRATIVE REGION (CAR),Sweet Peas Native,..,..,..,..,..,..,..,..,..,..,..,..,..,..,..,..,..,..,..,..,..,..,..,..,..,..,..,..,..,..,..,..,..,..,..,..,..,..,..,..,..,..,..,..,..,..,..,..,55.3,48.35,38.74,95.92,116.4,62.5,67.57,135.69,126.23,137.17,87.71,86.67,43.04,36.64,38.28,55.42,..,81.67,88,182.73,105,101.36,..,58.8,53.78,43.75,55.96,88.23,133.59,128.33,146.67,137.69,187.17,221.25,182.33,127.5,41.6,57.06,69.51,87.29,99.44,175.65,134.26,188,147.85,216.92,209.15,164.83,96.48,66.1,77.27,70.5,..,138.81,139.85,238.51,125,177.73,131.77,100.18,112.5,105.67,71.7,69.73,172.86,..,180,176.67,115.63,207.5,130,80.36,65.37,82.06,..,90,128.57,106.25,103.33,154.5,142.05,138.1,172.5,173.33,..,62.5,..,..,..,123.33,113.5,137.67,..,..,..,..,..,..,39.25,..,..,..,85.25,..,183.33,104.17,68.33,74.22
..REGION I (ILOCOS REGION),Habitchuelas [Snap beans],19.47,15.62,26.92,18.93,25.44,27.35,27.29,16.2,15.62,48.1,75,30.21,14.19,15.72,18.99,23.82,48.32,49.34,35.83,26.33,35,104.81,35.27,25.18,35.58,35.82,33.69,34.04,36.77,25.94,23.55,59.38,46.38,21.45,22.62,22.5,28.37,40.26,28.8,28.93,27.65,29.36,27.55,28.34,44.35,41.47,30.53,37.93,50.64,27.04,25.65,28.83,33.31,29.75,32.09,30.28,27.15,25.11,31.24,29.7,26.8,27.65,29.28,31.33,29.1,27.82,51.15,39.75,36.2,62.88,103.5,74,37.1,30.15,29.87,27.78,53.47,50.82,30.17,31.15,40.2,43.39,71.29,39.51,29.95,24.88,32.67,32.12,27.43,27.43,23.53,24.84,42.15,45.23,46.49,48.46,44.82,44.92,42.58,47,41.35,59.23,63.85,51.47,61,54.08,39.57,..,30.35,30.72,27,28.33,32,32,38.54,42,76,..,54.23,56.25,37,33,33,33,33.31,42.67,33.5,29.03,46.14,63.38,72.25,68.21,50,38,38.62,38.07,62.5,66.92,47.92,38.46,47.77,110.2,90.43,42.81,34.4,42.28,53.67,51.75,57.69,87.38,73.95,53.69,57.07,68.5,85.67,70.57
..REGION I (ILOCOS REGION),"Kidney Beans, white",..,..,..,..,..,..,..,..,..,..,..,..,..,..,..,..,..,..,..,..,..,..,..,..,..,..,..,..,..,..,..,..,..,..,..,..,..,..,..,..,..,..,..,..,..,..,..,..,..,..,..,..,..,..,..,..,..,..,..,..,..,..,..,..,..,..,..,..,..,..,..,..,..,..,..,..,..,..,..,..,..,..,..,..,..,..,..,..,..,..,..,..,..,..,..,..,..,..,..,..,..,..,..,..,..,..,..,..,..,..,..,..,..,..,..,..,..,..,..,..,..,..,..,..,..,..,..,..,..,..,..,..,..,..,..,..,..,..,..,..,..,..,..,..,..,..,..,..,..,..,..,..,..,..,..,..
..REGION I (ILOCOS REGION),"Mongo [Mungbean], green",..,..,..,..,..,..,..,..,..,..,..,..,..,..,..,..,..,..,..,..,..,..,..,..,..,..,..,..,..,..,..,..,..,..,..,..,..,..,..,..,..,..,..,..,..,..,..,..,..,..,..,..,..,..,..,..,..,..,..,..,..,..,..,..,..,..,..,..,..,..,..,..,..,..,..,..,..,..,..,..,..,..,..,..,..,..,..,..,..,..,..,..,..,..,..,..,..,..,..,..,..,..,..,..,..,..,..,..,..,..,..,..,..,..,..,..,..,..,..,..,..,..,..,..,..,..,..,..,..,..,..,..,..,..,..,..,..,..,..,..,..,..,..,..,..,..,..,..,..,..,..,..,..,..,..,..
..REGION I (ILOCOS REGION),"Mongo [Mungbean], Yellow",..,..,..,..,..,..,..,..,..,..,..,..,..,..,..,..,..,..,..,..,..,..,..,..,..,..,..,..,..,..,..,..,..,..,..,..,..,..,..,..,..,..,..,..,..,..,..,..,..,..,..,..,..,..,..,..,..,..,..,..,..,..,..,..,..,..,..,..,..,..,..,..,..,..,..,..,..,..,..,..,..,..,..,..,..,..,..,..,..,..,..,..,..,..,..,..,..,..,..,..,..,..,..,..,..,..,..,..,..,..,..,..,..,..,..,..,..,..,..,..,..,..,..,..,..,..,..,..,..,..,..,..,..,..,..,..,..,..,..,..,..,..,..,..,..,..,..,..,..,..,..,..,..,..,..,..
..REGION I (ILOCOS REGION),"Peanut with shell, dry",..,..,..,..,..,..,..,..,..,..,..,..,..,..,..,..,..,..,..,..,..,..,..,..,..,..,..,..,..,..,..,..,..,..,..,..,..,..,..,..,..,..,..,..,..,..,..,..,..,..,..,..,..,..,..,..,..,..,..,..,..,..,..,..,..,..,..,..,..,..,..,..,..,..,..,..,..,..,..,..,..,..,..,..,..,..,..,..,..,..,..,..,..,..,..,..,..,..,..,..,..,..,..,..,..,..,..,..,..,..,..,..,..,..,..,..,..,..,..,..,..,..,..,..,..,..,..,..,..,..,..,..,..,..,..,..,..,..,..,..,..,..,..,..,..,..,..,..,..,..,..,..,..,..,..,..
..REGION I (ILOCOS REGION),"Peanut without shell, dry",56.77,57.09,54.84,54.1,52.09,54.17,53.22,58.6,57.82,68.33,68.75,71.36,67.52,68.52,72.77,..,..,..,..,78,..,..,..,..,65.98,63.76,63.8,73.07,67.25,69.03,67.6,66.33,61.36,73.25,73.55,76.65,75.65,75,70.38,71.22,73.8,66.05,63.5,57.7,52.47,65.33,64.37,62.47,64.36,63.13,62.4,61.85,63.97,64.5,63.88,63.78,63.46,66.46,65.55,63,..,..,63.89,51.93,62.34,64.23,64,63.8,64,65.43,65.65,71.75,68.55,77.84,73.15,62.31,70.07,64.63,67.45,66.2,68.24,66.45,64.35,66.2,65.8,70.14,66.24,65.12,68.45,70.43,72.7,71.71,70.2,69.1,73.22,71.66,73.43,74.13,69.88,67.58,68.34,68,69.8,71.2,72.9,72.68,72.33,..,68.85,71.74,71.2,71.2,70.95,64,66,66,66,..,68,62.5,63.33,63.33,66,66,66,66.25,70,70,70,70,70,70,70,70,70,70,70,72.69,75,75,75,83.82,85.83,87.7,85.05,82.6,82.71,82.35,83.09,83.23,83.25,83,83.5,83.2,82.73,87.06
..REGION I (ILOCOS REGION),Stringbeans,23.19,21.28,26.08,24.8,23.08,17.44,27.58,15.59,15.72,28.76,35.53,25.64,28.02,22.97,21.51,18.31,20.8,26.67,37,28.58,27,58.18,51.45,50.4,23.59,19.52,29.79,29.14,22.15,17.65,17.82,29.13,29.67,21.79,12.5,11.04,13.8,17.8,23.9,23.39,15.83,14.93,16.8,17.45,32.41,..,30.78,22.38,20.84,20.93,18.98,28.73,20.1,18.15,30.63,28.85,18.69,18.02,18.89,32.49,33.45,29.5,27.86,33,27.3,19.76,47.05,21.55,19.58,44.11,44.72,39.68,40.3,30.6,31.68,31.62,29.07,23.73,20.53,25.51,36.09,30.87,38.51,31.59,27,22.17,29.46,26.02,27.71,25.41,20.2,16.57,30.92,24.14,23.6,37.09,31.85,40.25,40.25,35.75,37.69,60.92,52.82,47.59,48,30.98,34.94,..,27.54,35.3,33,33,32.92,25.5,23,27,44.67,..,39.77,32.75,34,37,36.08,29.92,28,23.15,18.71,19.03,22.57,47.62,55.25,70.21,43.33,34.75,35.92,23.57,40,37.92,49.69,47.43,41.46,33.63,41.12,57.17,52.17,45.2,36.41,21.9,39.62,47.54,40.08,25.37,27.56,39.17,44,56.57
..REGION I (ILOCOS REGION),Sweet Peas,..,..,..,..,..,..,..,..,..,..,..,..,..,..,..,..,..,..,..,..,..,..,..,..,..,..,..,..,..,..,..,..,..,..,..,..,..,..,..,..,..,..,..,..,..,..,..,..,..,..,..,..,..,..,..,..,..,..,..,..,..,..,..,..,..,..,..,..,..,..,..,..,..,..,..,..,..,..,..,..,..,..,..,..,..,..,..,..,..,..,..,..,..,..,..,..,..,..,..,..,..,..,..,..,..,..,..,..,..,..,..,..,..,..,..,..,..,..,..,..,..,..,..,..,..,..,..,..,..,..,..,..,..,..,..,..,..,..,..,..,..,..,..,..,..,..,..,..,..,..,..,..,..,..,..,..
..REGION I (ILOCOS REGION),Sweet Peas Native,..,..,..,..,..,..,..,..,..,..,..,..,..,..,..,..,..,..,..,..,..,..,..,..,..,..,..,..,..,..,..,..,..,..,..,..,..,..,..,..,..,..,..,..,..,..,..,..,..,..,..,..,..,..,..,..,..,..,..,..,..,..,..,..,..,..,..,..,..,..,..,..,..,..,..,..,..,..,..,..,..,..,..,..,..,..,..,..,..,..,..,..,..,..,..,..,..,..,..,..,..,..,..,..,..,..,..,..,..,..,..,..,..,..,..,..,..,..,..,..,..,..,..,..,..,..,..,..,..,..,..,..,..,..,..,..,..,..,..,..,..,..,..,..,..,..,..,..,..,..,..,..,..,..,..,..
..REGION II (CAGAYAN VALLEY),Habitchuelas [Snap beans],21.34,25.33,38.21,30.29,28.31,29.7,27.93,21.75,19.46,37.18,62.73,37.68,24.07,23.68,21.23,26.72,41.62,48.12,38.74,35.49,42.26,81.49,37.77,31.67,31.86,38.31,35.57,23.3,26.48,29.6,34.17,49.62,38.23,27.58,29.82,35.84,34.4,22.59,24.93,26.45,33.9,34.72,23.51,31.49,59.86,43.86,36.04,27.96,25.55,26.73,31.24,34.92,28.24,34.53,39.05,36.24,31,31.86,23.68,31.9,28.03,27.23,22.95,28.69,32.33,41.68,53.31,37.65,31.86,50.01,114.05,34.09,27.78,28.16,32.26,32.32,60.89,40.6,27.08,30.8,38.73,54.15,77.94,49.93,28.77,40.42,35.85,29.78,30.55,41.65,38.39,41.9,51.26,47.58,42.76,52.63,54.27,41.81,37.47,29.64,37.89,50.19,52.77,51.86,72.75,57.11,46.08,..,38.23,30.13,34.02,52.8,50.74,32.54,32.11,49.26,50.62,38.16,42.29,39.7,33.87,33.46,..,44.31,51.39,42.59,22.78,20.38,60.18,69.62,103.89,114.75,57.15,48.42,39.2,42.28,47.08,73.84,42.12,48.99,50.06,95.88,69.7,54.4,43.55,41.4,45.66,43.98,76.8,79.11,74.46,60.44,75.1,75.12,76.28,68.06
..REGION II (CAGAYAN VALLEY),"Kidney Beans, white",..,..,..,..,..,..,..,..,..,..,..,..,..,..,..,..,..,..,..,..,..,..,..,..,..,..,..,..,..,..,..,..,..,..,..,..,..,..,..,..,..,..,..,..,..,..,..,..,..,..,..,..,..,..,..,..,..,..,..,..,..,..,..,..,..,..,..,..,..,..,..,..,..,..,..,..,..,..,..,..,..,..,..,..,..,..,..,..,..,..,..,..,..,..,..,..,..,..,..,..,..,..,..,..,..,..,..,..,..,..,..,..,..,..,..,..,..,..,..,..,..,..,..,..,..,..,..,..,..,..,..,..,..,..,..,..,..,..,..,..,..,..,..,..,..,..,..,..,..,..,..,..,..,..,..,..
..REGION II (CAGAYAN VALLEY),"Mongo [Mungbean], green",..,..,..,..,..,..,..,..,..,..,..,..,..,..,..,..,..,..,..,..,..,..,..,..,..,..,..,..,..,..,..,..,..,..,..,..,..,..,..,..,..,..,..,..,..,..,..,..,..,..,..,..,..,..,..,..,..,..,..,..,..,..,..,..,..,..,..,..,..,..,..,..,..,..,..,..,..,..,..,..,..,..,..,..,..,..,..,..,..,..,..,..,..,..,..,..,..,..,..,..,..,..,..,..,..,..,..,..,..,..,..,..,..,..,..,..,..,..,..,..,..,..,..,..,..,..,..,..,..,..,..,..,..,..,..,..,..,..,..,..,..,..,..,..,..,..,..,..,..,..,..,..,..,..,..,..
..REGION II (CAGAYAN VALLEY),"Mongo [Mungbean], Yellow",..,..,..,..,..,..,..,..,..,..,..,..,..,..,..,..,..,..,..,..,..,..,..,..,..,..,..,..,..,..,..,..,..,..,..,..,..,..,..,..,..,..,..,..,..,..,..,..,..,..,..,..,..,..,..,..,..,..,..,..,..,..,..,..,..,..,..,..,..,..,..,..,..,..,..,..,..,..,..,..,..,..,..,..,..,..,..,..,..,..,..,..,..,..,..,..,..,..,..,..,..,..,..,..,..,..,..,..,..,..,..,..,..,..,..,..,..,..,..,..,..,..,..,..,..,..,..,..,..,..,..,..,..,..,..,..,..,..,..,..,..,..,..,..,..,..,..,..,..,..,..,..,..,..,..,..
..REGION II (CAGAYAN VALLEY),"Peanut with shell, dry",..,..,..,..,..,..,..,..,..,..,..,..,..,..,..,..,..,..,..,..,..,..,..,..,..,..,..,..,..,..,..,..,..,..,..,..,..,..,..,..,..,..,..,..,..,..,..,..,..,..,..,..,..,..,..,..,..,..,..,..,..,..,..,..,..,..,..,..,..,..,..,..,..,..,..,..,..,..,..,..,..,..,..,..,..,..,..,..,..,..,..,..,..,..,..,..,..,..,..,..,..,..,..,..,..,..,..,..,..,..,..,..,..,..,..,..,..,..,..,..,..,..,..,..,..,..,..,..,..,..,..,..,..,..,..,..,..,..,..,..,..,..,..,..,..,..,..,..,..,..,..,..,..,..,..,..
..REGION II (CAGAYAN VALLEY),"Peanut without shell, dry",..,..,..,..,..,..,..,..,..,..,..,..,..,..,..,..,..,..,..,..,..,..,..,..,..,..,..,..,..,..,..,..,..,..,..,..,..,..,..,..,..,..,..,..,..,..,..,..,..,..,..,..,..,..,..,..,..,..,..,..,..,..,..,..,..,..,..,..,..,..,..,..,..,..,..,..,..,..,..,..,..,..,..,..,..,..,..,..,..,..,..,..,..,..,..,..,..,..,..,..,..,..,..,..,..,..,..,..,..,..,..,..,..,..,..,..,..,..,..,..,..,..,..,..,..,..,..,..,..,..,..,..,..,..,..,..,..,..,..,..,..,..,..,..,..,..,..,..,..,..,..,..,..,..,..,..
..REGION II (CAGAYAN VALLEY),Stringbeans,27.24,19.14,22.76,25.4,26.53,25.62,18.81,19.03,18.55,22.59,38.12,31.29,33.22,22.97,20.32,19.75,25.57,26.99,20.34,21.43,27.95,47.45,41.58,34.19,35.57,29.21,20.86,16.39,19.05,18.05,15.94,25.89,23.59,23.49,26.78,24,28.54,17.52,19.23,21.63,19.58,25.43,22.2,20.87,19.96,19.52,31.15,32.53,30.78,22.5,27.16,27.5,22.45,23.54,27.38,18.89,21.79,21.94,24.22,29.92,27.55,23.64,18.96,17.03,19.27,23.44,29.9,28.86,23.3,30.33,36.51,37.94,41.62,33.94,23.73,25.51,31.15,26.29,22.41,31.53,32.49,31.02,44.86,49.25,38.86,34.69,21.22,18.67,18.7,27.38,20.5,21.73,22.09,21.97,38.31,42.06,45.55,40.44,27.91,23.17,31.81,43.68,42.43,32.35,36.77,34.92,50.44,..,47.82,23.1,23.33,30.61,27.02,36.33,22.74,29.07,41.72,27.35,32.63,38.7,38.18,39.48,..,42.54,38.57,32.89,19.73,19.31,21.23,35.13,67.5,74.01,74.88,40.09,34.31,42.72,40.81,54.09,47.29,55.53,28.98,38.5,38.72,42.73,41.48,32.07,43.6,31,42.67,50.23,43.02,39.17,34.52,48.57,52.49,45.03
..REGION II (CAGAYAN VALLEY),Sweet Peas,72.77,63.48,104.98,94.15,104.69,96.46,94.21,86.33,86.5,91.53,98.36,145.93,72.17,43.14,49.93,66.38,88.4,137.97,97.13,71.66,77.95,144.5,144.09,108.41,78.2,89.54,84.48,75.42,65.09,84.47,128.26,124.29,117.33,130.24,110.11,104.62,83.89,69.56,71.02,69.66,103.51,98.33,100.47,107.95,189.23,127.69,116.62,86.93,79.93,63.51,57.88,101.94,114.23,79.02,93.68,129.57,113.88,141,129.62,110.61,79.57,71.06,55.76,85.12,112.65,114.26,133,114.13,116.46,135.68,136.88,105.38,81.46,73.54,64.58,80.31,117.08,151.37,163.54,168.59,155,227.27,236.11,150.46,128.23,114.58,120,114.9,99.36,129.23,163.89,201.21,124.72,161.84,240,218.89,143.27,101.67,85,85.68,124.62,169.23,126.77,130.43,111,141.43,151.38,..,127.6,106.83,87,106.07,154.61,170.34,207.29,216.37,166.22,184.53,190.12,157.23,123.06,111.42,..,81.83,100.62,105.7,92.81,100.2,97.85,137.37,182.04,215.93,182.69,120.34,82.26,89.57,132.16,157.84,175.94,147.61,119.22,164.5,217.84,232.52,139.8,106.59,153.8,157.85,145.52,165.05,173.91,183.12,193.05,232.69,219.49,195.78
..REGION II (CAGAYAN VALLEY),Sweet Peas Native,..,..,..,..,..,..,..,..,..,..,..,..,..,..,..,..,..,..,..,..,..,..,..,..,..,..,..,..,..,..,..,..,..,..,..,..,..,..,..,..,..,..,..,..,..,..,..,..,..,..,..,..,..,..,..,..,..,..,..,..,..,..,..,..,..,..,..,..,..,..,..,..,..,..,..,..,..,..,..,..,..,..,..,..,..,..,..,..,..,..,..,..,..,..,..,..,..,..,..,..,..,..,..,..,..,..,..,..,..,..,..,..,..,..,..,..,..,..,..,..,..,..,..,..,..,..,..,..,..,..,..,..,..,..,..,..,..,..,..,..,..,..,..,..,..,..,..,..,..,..,..,..,..,..,..,..
..REGION III (CENTRAL LUZON),Habitchuelas [Snap beans],25.56,28.75,36.67,48.22,37.89,39.44,33.44,36,27.22,56.67,77.5,46.67,34.25,27.63,27.58,34.33,42.85,64.29,45.53,35.28,49.09,131.44,71.02,53.76,49,48.78,55.51,41.09,33.84,45.24,47.53,62.42,57.51,52.08,46.83,58.49,50.62,43.98,41.76,48,49.04,49.53,42.76,44.38,64.33,73.53,56.6,40.23,48.49,27.71,43.47,60.51,48.73,49.45,49,61.18,47.83,46.69,44.1,41.95,47.2,48.93,32.83,42.58,56.16,40.92,60.65,51.63,42.64,50.74,102.69,43.22,34.98,31.52,33.92,38.51,58.04,51.78,32.04,37.6,54.18,60.21,73.35,41,33,40.83,37.45,32.62,40.76,43.67,45.28,41.12,67.58,40.09,47.75,49.38,53.16,50.67,47.84,39.69,37.48,55.64,66.1,48.62,70.27,76.61,55.17,42.58,44.47,40.4,41.81,58.31,65.37,42.72,41.72,61.07,61.5,62.3,50.43,51.23,50.22,38.59,37.33,53.48,60.37,51.34,47.22,48.05,66.89,..,103.18,114.44,48.8,59.24,60.54,50.11,59.01,79.5,55.68,58.4,55.8,73.25,83.78,57.21,50.74,55.02,57.14,51.77,64.88,70,82.98,59.13,86.15,79.31,89.56,89.57
..REGION III (CENTRAL LUZON),"Kidney Beans, white",..,..,..,..,..,..,..,..,..,..,..,..,..,..,..,..,..,..,..,..,..,..,..,..,..,..,..,..,..,..,..,..,..,..,..,..,..,..,..,..,..,..,..,..,..,..,..,..,..,..,..,..,..,..,..,..,..,..,..,..,..,..,..,..,..,..,..,..,..,..,..,..,..,..,..,..,..,..,..,..,..,..,..,..,..,..,..,..,..,..,..,..,..,..,..,..,..,..,..,..,..,..,..,..,..,..,..,..,..,..,..,..,..,..,..,..,..,..,..,..,..,..,..,..,..,..,..,..,..,..,..,..,..,..,..,..,..,..,..,..,..,..,..,..,..,..,..,..,..,..,..,..,..,..,..,..
..REGION III (CENTRAL LUZON),"Mongo [Mungbean], green",..,..,..,..,..,..,..,..,..,..,..,..,..,..,..,..,..,..,..,..,..,..,..,..,..,..,..,..,..,..,..,..,..,..,..,..,..,..,..,..,..,..,..,..,..,..,..,..,..,..,..,..,..,..,..,..,..,..,..,..,..,..,..,..,..,..,..,..,..,..,..,..,..,..,..,..,..,..,..,..,..,..,..,..,..,..,..,..,..,..,..,..,..,..,..,..,..,..,..,..,..,..,..,..,..,..,..,..,..,..,..,..,..,..,..,..,..,..,..,..,..,..,..,..,..,..,..,..,..,..,..,..,..,..,..,..,..,..,..,..,..,..,..,..,..,..,..,..,..,..,..,..,..,..,..,..
..REGION III (CENTRAL LUZON),"Mongo [Mungbean], Yellow",..,..,..,..,..,..,..,..,..,..,..,..,..,..,..,..,..,..,..,..,..,..,..,..,..,..,..,..,..,..,..,..,..,..,..,..,..,..,..,..,..,..,..,..,..,..,..,..,..,..,..,..,..,..,..,..,..,..,..,..,..,..,..,..,..,..,..,..,..,..,..,..,..,..,..,..,..,..,..,..,..,..,..,..,..,..,..,..,..,..,..,..,..,..,..,..,..,..,..,..,..,..,..,..,..,..,..,..,..,..,..,..,..,..,..,..,..,..,..,..,..,..,..,..,..,..,..,..,..,..,..,..,..,..,..,..,..,..,..,..,..,..,..,..,..,..,..,..,..,..,..,..,..,..,..,..
..REGION III (CENTRAL LUZON),"Peanut with shell, dry",..,..,..,..,..,..,..,..,..,..,..,..,..,..,..,..,..,..,..,..,..,..,..,..,..,..,..,..,..,..,..,..,..,..,..,..,..,..,..,..,..,..,..,..,..,..,..,..,..,..,..,..,..,..,..,..,..,..,..,..,..,..,..,..,..,..,..,..,..,..,..,..,..,..,..,..,..,..,..,..,..,..,..,..,..,..,..,..,..,..,..,..,..,..,..,..,..,..,..,..,..,..,..,..,..,..,..,..,..,..,..,..,..,..,..,..,..,..,..,..,..,..,..,..,..,..,..,..,..,..,..,..,..,..,..,..,..,..,..,..,..,..,..,..,..,..,..,..,..,..,..,..,..,..,..,..
..REGION III (CENTRAL LUZON),"Peanut without shell, dry",..,..,..,..,..,..,..,..,..,..,..,..,..,..,..,..,..,..,..,..,..,..,..,..,..,..,..,..,..,..,..,..,..,..,..,..,..,..,..,..,..,..,..,..,..,..,..,..,..,..,..,..,..,..,..,..,..,..,..,..,..,..,..,..,..,..,..,..,..,..,..,..,..,..,..,..,..,..,..,..,..,..,..,..,..,..,..,..,..,..,..,..,..,..,..,..,..,..,..,..,..,..,..,..,..,..,..,..,..,..,..,..,..,..,..,..,..,..,..,..,..,..,..,..,..,..,..,..,..,..,..,..,..,..,..,..,..,..,..,..,..,..,..,..,..,..,..,..,..,..,..,..,..,..,..,..
..REGION III (CENTRAL LUZON),Stringbeans,..,..,..,..,..,..,..,..,..,..,..,..,..,..,..,..,..,..,..,..,..,..,..,..,..,..,..,..,..,..,..,..,..,..,..,..,..,..,..,..,..,..,..,..,..,..,..,..,..,..,..,..,..,..,..,..,..,..,..,..,..,..,..,..,..,..,..,..,..,..,..,..,..,..,..,..,..,..,..,..,..,..,..,..,..,..,..,..,..,..,..,..,..,..,..,..,..,..,..,..,..,..,..,..,..,..,..,..,..,..,..,..,..,..,..,..,..,..,..,..,..,..,..,..,..,..,..,..,..,..,..,..,..,..,..,..,..,..,..,..,..,..,..,..,..,..,..,..,..,..,..,..,..,..,..,..
..REGION III (CENTRAL LUZON),Sweet Peas,..,..,..,..,..,..,..,..,..,..,..,..,..,..,..,..,..,..,..,..,..,..,..,..,..,..,..,..,..,..,..,..,..,..,..,..,..,..,..,..,..,..,..,..,..,..,..,..,..,..,..,..,..,..,..,..,..,..,..,..,..,..,..,..,..,..,..,..,..,..,..,..,..,..,..,..,..,..,..,..,..,..,..,..,..,..,..,..,..,..,..,..,..,..,..,..,..,..,..,..,..,..,..,..,..,..,..,..,..,..,..,..,..,..,..,..,..,..,..,..,..,..,..,..,..,..,..,..,..,..,..,..,..,..,..,..,..,..,..,..,..,..,..,..,..,..,..,..,..,..,..,..,..,..,..,..
..REGION III (CENTRAL LUZON),Sweet Peas Native,..,..,..,..,..,..,..,..,..,..,..,..,..,..,..,..,..,..,..,..,..,..,..,..,..,..,..,..,..,..,..,..,..,..,..,..,..,..,..,..,..,..,..,..,..,..,..,..,..,..,..,..,..,..,..,..,..,..,..,..,..,..,..,..,..,..,..,..,..,..,..,..,..,..,..,..,..,..,..,..,..,..,..,..,..,..,..,..,..,..,..,..,..,..,..,..,..,..,..,..,..,..,..,..,..,..,..,..,..,..,..,..,..,..,..,..,..,..,..,..,..,..,..,..,..,..,..,..,..,..,..,..,..,..,..,..,..,..,..,..,..,..,..,..,..,..,..,..,..,..,..,..,..,..,..,..
..REGION IV-A (CALABARZON),Habitchuelas [Snap beans],..,..,..,..,..,..,..,..,..,..,..,..,..,..,..,..,..,..,..,..,..,..,..,..,..,..,..,..,..,..,..,..,..,..,..,..,..,..,..,..,..,..,..,..,..,..,..,..,..,..,..,..,..,..,..,..,..,..,..,..,..,..,..,..,..,..,..,..,..,..,..,..,..,..,..,..,..,..,..,..,..,..,..,..,..,..,..,..,..,..,..,..,..,..,..,..,..,..,..,..,..,..,..,..,..,..,..,..,..,..,..,..,..,..,..,..,..,..,..,..,..,..,..,..,..,..,..,..,..,..,..,..,..,..,..,..,..,..,..,..,..,..,..,..,..,..,..,..,..,..,..,..,..,..,..,..
..REGION IV-A (CALABARZON),"Kidney Beans, white",..,..,..,..,..,..,..,..,..,..,..,..,..,..,..,..,..,..,..,..,..,..,..,..,..,..,..,..,..,..,..,..,..,..,..,..,..,..,..,..,..,..,..,..,..,..,..,..,..,..,..,..,..,..,..,..,..,..,..,..,..,..,..,..,..,..,..,..,..,..,..,..,..,..,..,..,..,..,..,..,..,..,..,..,..,..,..,..,..,..,..,..,..,..,..,..,..,..,..,..,..,..,..,..,..,..,..,..,..,..,..,..,..,..,..,..,..,..,..,..,..,..,..,..,..,..,..,..,..,..,..,..,..,..,..,..,..,..,..,..,..,..,..,..,..,..,..,..,..,..,..,..,..,..,..,..
..REGION IV-A (CALABARZON),"Mongo [Mungbean], green",..,..,..,..,..,..,..,..,..,..,..,..,..,..,..,..,..,..,..,..,..,..,..,..,..,..,..,..,..,..,..,..,..,..,..,..,..,..,..,..,..,..,..,..,..,..,..,..,..,..,..,..,..,..,..,..,..,..,..,..,..,..,..,..,..,..,..,..,..,..,..,..,..,..,..,..,..,..,..,..,..,..,..,..,..,..,..,..,..,..,..,..,..,..,..,..,..,..,..,..,..,..,..,..,..,..,..,..,..,..,..,..,..,..,..,..,..,..,..,..,..,..,..,..,..,..,..,..,..,..,..,..,..,..,..,..,..,..,..,..,..,..,..,..,..,..,..,..,..,..,..,..,..,..,..,..
..REGION IV-A (CALABARZON),"Mongo [Mungbean], Yellow",..,..,..,..,..,..,..,..,..,..,..,..,..,..,..,..,..,..,..,..,..,..,..,..,..,..,..,..,..,..,..,..,..,..,..,..,..,..,..,..,..,..,..,..,..,..,..,..,..,..,..,..,..,..,..,..,..,..,..,..,..,..,..,..,..,..,..,..,..,..,..,..,..,..,..,..,..,..,..,..,..,..,..,..,..,..,..,..,..,..,..,..,..,..,..,..,..,..,..,..,..,..,..,..,..,..,..,..,..,..,..,..,..,..,..,..,..,..,..,..,..,..,..,..,..,..,..,..,..,..,..,..,..,..,..,..,..,..,..,..,..,..,..,..,..,..,..,..,..,..,..,..,..,..,..,..
..REGION IV-A (CALABARZON),"Peanut with shell, dry",..,..,..,..,..,..,..,..,..,..,..,..,..,..,..,..,..,..,..,..,..,..,..,..,..,..,..,..,..,..,..,..,..,..,..,..,..,..,..,..,..,..,..,..,..,..,..,..,..,..,..,..,..,..,..,..,..,..,..,..,..,..,..,..,..,..,..,..,..,..,..,..,..,..,..,..,..,..,..,..,..,..,..,..,..,..,..,..,..,..,..,..,..,..,..,..,..,..,..,..,..,..,..,..,..,..,..,..,..,..,..,..,..,..,..,..,..,..,..,..,..,..,..,..,..,..,..,..,..,..,..,..,..,..,..,..,..,..,..,..,..,..,..,..,..,..,..,..,..,..,..,..,..,..,..,..
..REGION IV-A (CALABARZON),"Peanut without shell, dry",..,..,..,..,..,..,..,..,..,..,..,..,..,..,..,..,..,..,..,..,..,..,..,..,..,..,..,..,..,..,..,..,..,..,..,..,..,..,..,..,..,..,..,..,..,..,..,..,..,..,..,..,..,..,..,..,..,..,..,..,..,..,..,..,..,..,..,..,..,..,..,..,..,..,..,..,..,..,..,..,..,..,..,..,..,..,..,..,..,..,..,..,..,..,..,..,..,..,..,..,..,..,..,..,..,..,..,..,..,..,..,..,..,..,..,..,..,..,..,..,..,..,..,..,..,..,..,..,..,..,..,..,..,..,..,..,..,..,..,..,..,..,..,..,..,..,..,..,..,..,..,..,..,..,..,..
..REGION IV-A (CALABARZON),Stringbeans,25.41,24.85,27,20.89,28.97,28.75,29.48,15,9.07,20.65,31.96,20.94,19.04,20.97,27.26,22.52,29.44,34.18,26.46,25.77,23.29,32.09,27.99,28.5,24.4,30.88,26.04,24.99,26.42,22.05,20.98,33.62,27.76,22.91,23.12,33.83,28.69,26.15,30.28,24.29,29.3,30.13,22.65,18.92,25.94,39.87,32.53,22.99,28.23,26.78,33.05,26.83,27.65,23.72,28.98,28.4,25.88,21.11,18.57,36.86,32.79,30.7,30.07,25.43,30.45,35.03,35.02,22.97,21.89,29.65,36.54,41.43,30.88,33.36,32.23,33.88,35.67,33.34,26.88,17.58,31.63,35.88,25.68,28.33,30.05,23.29,28.58,25,28.6,30.62,15.53,10.76,30.05,31.39,34.87,34.64,36.33,53.43,40.95,20.13,40.24,58.13,55.88,27.33,29.57,25,41.76,36.79,50,23.42,35.95,30,31.16,26.05,27.91,26.89,38.13,30.42,30.97,13,29.49,..,33.13,33.17,44.17,29.84,13.03,30.31,22.5,50.83,95,62.78,33.71,36.14,31.28,30,35.44,45.12,39.19,44.56,32.88,26.78,25.95,58.07,53.67,..,28.75,29.72,35.89,39.38,43.33,31.7,38.44,57.25,83.88,53.63
..REGION IV-A (CALABARZON),Sweet Peas,..,..,..,..,..,..,..,..,..,..,..,..,..,..,..,..,..,..,..,..,..,..,..,..,..,..,..,..,..,..,..,..,..,..,..,..,..,..,..,..,..,..,..,..,..,..,..,..,..,..,..,..,..,..,..,..,..,..,..,..,..,..,..,..,..,..,..,..,..,..,..,..,..,..,..,..,..,..,..,..,..,..,..,..,..,..,..,..,..,..,..,..,..,..,..,..,..,..,..,..,..,..,..,..,..,..,..,..,..,..,..,..,..,..,..,..,..,..,..,..,..,..,..,..,..,..,..,..,..,..,..,..,..,..,..,..,..,..,..,..,..,..,..,..,..,..,..,..,..,..,..,..,..,..,..,..
..REGION IV-A (CALABARZON),Sweet Peas Native,..,..,..,..,..,..,..,..,..,..,..,..,..,..,..,..,..,..,..,..,..,..,..,..,..,..,..,..,..,..,..,..,..,..,..,..,..,..,..,..,..,..,..,..,..,..,..,..,..,..,..,..,..,..,..,..,..,..,..,..,..,..,..,..,..,..,..,..,..,..,..,..,..,..,..,..,..,..,..,..,..,..,..,..,..,..,..,..,..,..,..,..,..,..,..,..,..,..,..,..,..,..,..,..,..,..,..,..,..,..,..,..,..,..,..,..,..,..,..,..,..,..,..,..,..,..,..,..,..,..,..,..,..,..,..,..,..,..,..,..,..,..,..,..,..,..,..,..,..,..,..,..,..,..,..,..
..MIMAROPA REGION,Habitchuelas [Snap beans],..,..,..,..,..,..,..,..,..,..,..,..,..,..,..,..,..,..,..,..,..,..,..,..,..,..,..,..,..,..,..,..,..,..,..,..,..,..,..,..,..,..,..,..,..,..,..,..,..,..,..,..,..,..,..,..,..,..,..,..,..,..,..,..,..,..,..,..,..,..,..,..,..,..,..,..,..,..,..,..,..,..,..,..,..,..,..,..,..,..,..,..,..,..,..,..,..,..,..,..,..,..,..,..,..,..,..,..,..,..,..,..,..,..,..,..,..,..,..,..,..,..,..,..,..,..,..,..,..,..,..,..,..,..,..,..,..,..,..,..,..,..,..,..,..,..,..,..,..,..,..,..,..,..,..,..
..MIMAROPA REGION,"Kidney Beans, white",..,..,..,..,..,..,..,..,..,..,..,..,..,..,..,..,..,..,..,..,..,..,..,..,..,..,..,..,..,..,..,..,..,..,..,..,..,..,..,..,..,..,..,..,..,..,..,..,..,..,..,..,..,..,..,..,..,..,..,..,..,..,..,..,..,..,..,..,..,..,..,..,..,..,..,..,..,..,..,..,..,..,..,..,..,..,..,..,..,..,..,..,..,..,..,..,..,..,..,..,..,..,..,..,..,..,..,..,..,..,..,..,..,..,..,..,..,..,..,..,..,..,..,..,..,..,..,..,..,..,..,..,..,..,..,..,..,..,..,..,..,..,..,..,..,..,..,..,..,..,..,..,..,..,..,..
..MIMAROPA REGION,"Mongo [Mungbean], green",..,..,..,..,..,..,..,..,..,..,..,..,..,..,..,..,..,..,..,..,..,..,..,..,..,..,..,..,..,..,..,..,..,..,..,..,..,..,..,..,..,..,..,..,..,..,..,..,..,..,..,..,..,..,..,..,..,..,..,..,..,..,..,..,..,..,..,..,..,..,..,..,..,..,..,..,..,..,..,..,..,..,..,..,..,..,..,..,..,..,..,..,..,..,..,..,..,..,..,..,..,..,..,..,..,..,..,..,..,..,..,..,..,..,..,..,..,..,..,..,..,..,..,..,..,..,..,..,..,..,..,..,..,..,..,..,..,..,..,..,..,..,..,..,..,..,..,..,..,..,..,..,..,..,..,..
..MIMAROPA REGION,"Mongo [Mungbean], Yellow",..,..,..,..,..,..,..,..,..,..,..,..,..,..,..,..,..,..,..,..,..,..,..,..,..,..,..,..,..,..,..,..,..,..,..,..,..,..,..,..,..,..,..,..,..,..,..,..,..,..,..,..,..,..,..,..,..,..,..,..,..,..,..,..,..,..,..,..,..,..,..,..,..,..,..,..,..,..,..,..,..,..,..,..,..,..,..,..,..,..,..,..,..,..,..,..,..,..,..,..,..,..,..,..,..,..,..,..,..,..,..,..,..,..,..,..,..,..,..,..,..,..,..,..,..,..,..,..,..,..,..,..,..,..,..,..,..,..,..,..,..,..,..,..,..,..,..,..,..,..,..,..,..,..,..,..
..MIMAROPA REGION,"Peanut with shell, dry",..,..,..,..,..,..,..,..,..,..,..,..,..,..,..,..,..,..,..,..,..,..,..,..,..,..,..,..,..,..,..,..,..,..,..,..,..,..,..,..,..,..,..,..,..,..,..,..,..,..,..,..,..,..,..,..,..,..,..,..,..,..,..,..,..,..,..,..,..,..,..,..,..,..,..,..,..,..,..,..,..,..,..,..,..,..,..,..,..,..,..,..,..,..,..,..,..,..,..,..,..,..,..,..,..,..,..,..,..,..,..,..,..,..,..,..,..,..,..,..,..,..,..,..,..,..,..,..,..,..,..,..,..,..,..,..,..,..,..,..,..,..,..,..,..,..,..,..,..,..,..,..,..,..,..,..
..MIMAROPA REGION,"Peanut without shell, dry",..,..,..,..,..,..,..,..,..,..,..,..,..,..,..,..,..,..,..,..,..,..,..,..,..,..,..,..,..,..,..,..,..,..,..,..,..,..,..,..,..,..,..,..,..,..,..,..,..,..,..,..,..,..,..,..,..,..,..,..,..,..,..,..,..,..,..,..,..,..,..,..,..,..,..,..,..,..,..,..,..,..,..,..,..,..,..,..,..,..,..,..,..,..,..,..,..,..,..,..,..,..,..,..,..,..,..,..,..,..,..,..,..,..,..,..,..,..,..,..,..,..,..,..,..,..,..,..,..,..,..,..,..,..,..,..,..,..,..,..,..,..,..,..,..,..,..,..,..,..,..,..,..,..,..,..
..MIMAROPA REGION,Stringbeans,..,..,..,..,..,..,..,..,..,..,..,..,..,..,..,..,..,..,..,..,..,..,..,..,..,..,..,..,..,..,..,..,..,..,..,..,..,..,..,..,..,..,..,..,..,..,..,..,..,..,..,..,..,..,..,..,..,..,..,..,..,..,..,..,..,..,..,..,..,..,..,..,..,..,..,..,..,..,..,..,..,..,..,..,..,..,..,..,..,..,..,..,..,..,..,..,..,..,..,..,..,..,..,..,..,..,..,..,..,..,..,..,..,..,..,..,..,..,..,..,..,..,..,..,..,..,..,..,..,..,..,..,..,..,..,..,..,..,..,..,..,..,..,..,..,..,..,..,..,..,..,..,..,..,..,..
..MIMAROPA REGION,Sweet Peas,..,..,..,..,..,..,..,..,..,..,..,..,..,..,..,..,..,..,..,..,..,..,..,..,..,..,..,..,..,..,..,..,..,..,..,..,..,..,..,..,..,..,..,..,..,..,..,..,..,..,..,..,..,..,..,..,..,..,..,..,..,..,..,..,..,..,..,..,..,..,..,..,..,..,..,..,..,..,..,..,..,..,..,..,..,..,..,..,..,..,..,..,..,..,..,..,..,..,..,..,..,..,..,..,..,..,..,..,..,..,..,..,..,..,..,..,..,..,..,..,..,..,..,..,..,..,..,..,..,..,..,..,..,..,..,..,..,..,..,..,..,..,..,..,..,..,..,..,..,..,..,..,..,..,..,..
..MIMAROPA REGION,Sweet Peas Native,..,..,..,..,..,..,..,..,..,..,..,..,..,..,..,..,..,..,..,..,..,..,..,..,..,..,..,..,..,..,..,..,..,..,..,..,..,..,..,..,..,..,..,..,..,..,..,..,..,..,..,..,..,..,..,..,..,..,..,..,..,..,..,..,..,..,..,..,..,..,..,..,..,..,..,..,..,..,..,..,..,..,..,..,..,..,..,..,..,..,..,..,..,..,..,..,..,..,..,..,..,..,..,..,..,..,..,..,..,..,..,..,..,..,..,..,..,..,..,..,..,..,..,..,..,..,..,..,..,..,..,..,..,..,..,..,..,..,..,..,..,..,..,..,..,..,..,..,..,..,..,..,..,..,..,..
..REGION V (BICOL REGION),Habitchuelas [Snap beans],18.28,21.57,24.75,29.25,31.83,39.61,32.69,28.91,23.07,30.29,49.86,42.62,39.66,37.93,32.44,29.68,37.28,43.79,44.2,53.66,39.51,60.25,51.04,41.15,45.14,45.72,35.12,32.77,37.11,40.87,37.1,41.9,46.41,37.76,39.84,29.59,32.24,32.45,28.96,27.71,35.16,43.75,33.08,27.35,31.54,41.54,48.94,44.27,33.54,27.79,26.22,25.64,31.65,42.58,54.46,64.86,38.07,33.21,34.38,42.66,52.18,36.59,35.95,29.23,27.48,30.94,37.35,32.28,29.97,38.53,65.14,57.95,21.02,33.12,29.18,27.31,43.32,42.17,34.49,29.13,33.47,45.17,51.88,68.85,52.09,51.26,31.03,30.19,35.71,34.84,36.8,33.06,34.82,44.18,44.09,57.59,72.52,68.97,50.55,33.74,39.57,46.08,57.86,47.54,38.6,51.15,39.19,43.47,63.95,49.37,39.97,62.31,59.2,44.76,33.09,53.47,58.82,44.53,43.03,64.13,54.62,39.78,40.24,35.32,47.13,49.31,29.64,30.55,42.59,53.71,99.33,103.55,80.58,58.23,50.78,39.58,38.46,39.82,41.28,39.9,51.47,49.16,59.61,65.31,67.94,65.56,58.23,41.7,48.65,61.32,57.78,47.95,56.95,72.34,99.67,78.82
..REGION V (BICOL REGION),"Kidney Beans, white",..,..,..,..,..,..,..,..,..,..,..,..,..,..,..,..,..,..,..,..,..,..,..,..,..,..,..,..,..,..,..,..,..,..,..,..,..,..,..,..,..,..,..,..,..,..,..,..,..,..,..,..,..,..,..,..,..,..,..,..,..,..,..,..,..,..,..,..,..,..,..,..,..,..,..,..,..,..,..,..,..,..,..,..,..,..,..,..,..,..,..,..,..,..,..,..,..,..,..,..,..,..,..,..,..,..,..,..,..,..,..,..,..,..,..,..,..,..,..,..,..,..,..,..,..,..,..,..,..,..,..,..,..,..,..,..,..,..,..,..,..,..,..,..,..,..,..,..,..,..,..,..,..,..,..,..
..REGION V (BICOL REGION),"Mongo [Mungbean], green",..,..,..,..,..,..,..,..,..,..,..,..,..,..,..,..,..,..,..,..,..,..,..,..,..,..,..,..,..,..,..,..,..,..,..,..,..,..,..,..,..,..,..,..,..,..,..,..,..,..,..,..,..,..,..,..,..,..,..,..,..,..,..,..,..,..,..,..,..,..,..,..,..,..,..,..,..,..,..,..,..,..,..,..,..,..,..,..,..,..,..,..,..,..,..,..,..,..,..,..,..,..,..,..,..,..,..,..,..,..,..,..,..,..,..,..,..,..,..,..,..,..,..,..,..,..,..,..,..,..,..,..,..,..,..,..,..,..,..,..,..,..,..,..,..,..,..,..,..,..,..,..,..,..,..,..
..REGION V (BICOL REGION),"Mongo [Mungbean], Yellow",..,..,..,..,..,..,..,..,..,..,..,..,..,..,..,..,..,..,..,..,..,..,..,..,..,..,..,..,..,..,..,..,..,..,..,..,..,..,..,..,..,..,..,..,..,..,..,..,..,..,..,..,..,..,..,..,..,..,..,..,..,..,..,..,..,..,..,..,..,..,..,..,..,..,..,..,..,..,..,..,..,..,..,..,..,..,..,..,..,..,..,..,..,..,..,..,..,..,..,..,..,..,..,..,..,..,..,..,..,..,..,..,..,..,..,..,..,..,..,..,..,..,..,..,..,..,..,..,..,..,..,..,..,..,..,..,..,..,..,..,..,..,..,..,..,..,..,..,..,..,..,..,..,..,..,..
..REGION V (BICOL REGION),"Peanut with shell, dry",..,..,..,..,..,..,..,..,..,..,..,..,..,..,..,..,..,..,..,..,..,..,..,..,..,..,..,..,..,..,..,..,..,..,..,..,..,..,..,..,..,..,..,..,..,..,..,..,..,..,..,..,..,..,..,..,..,..,..,..,..,..,..,..,..,..,..,..,..,..,..,..,..,..,..,..,..,..,..,..,..,..,..,..,..,..,..,..,..,..,..,..,..,..,..,..,..,..,..,..,..,..,..,..,..,..,..,..,..,..,..,..,..,..,..,..,..,..,..,..,..,..,..,..,..,..,..,..,..,..,..,..,..,..,..,..,..,..,..,..,..,..,..,..,..,..,..,..,..,..,..,..,..,..,..,..
..REGION V (BICOL REGION),"Peanut without shell, dry",..,..,..,..,..,..,..,..,..,..,..,..,..,..,..,..,..,..,..,..,..,..,..,..,..,..,..,..,..,..,..,..,..,..,..,..,..,..,..,..,..,..,..,..,..,..,..,..,..,..,..,..,..,..,..,..,..,..,..,..,..,..,..,..,..,..,..,..,..,..,..,..,..,..,..,..,..,..,..,..,..,..,..,..,..,..,..,..,..,..,..,..,..,..,..,..,..,..,..,..,..,..,..,..,..,..,..,..,..,..,..,..,..,..,..,..,..,..,..,..,..,..,..,..,..,..,..,..,..,..,..,..,..,..,..,..,..,..,..,..,..,..,..,..,..,..,..,..,..,..,..,..,..,..,..,..
..REGION V (BICOL REGION),Stringbeans,..,..,..,..,..,..,..,..,..,..,..,..,..,..,..,..,..,..,..,..,..,..,..,..,..,..,..,..,..,..,..,..,..,..,..,..,..,..,..,..,..,..,..,..,..,..,..,..,..,..,..,..,..,..,..,..,..,..,..,..,..,..,..,..,..,..,..,..,..,..,..,..,..,..,..,..,..,..,..,..,..,..,..,..,..,..,..,..,..,..,..,..,..,..,..,..,..,..,..,..,..,..,..,..,..,..,..,..,..,..,..,..,..,..,..,..,..,..,..,..,..,..,..,..,..,..,..,..,..,..,..,..,..,..,..,..,..,..,..,..,..,..,..,..,..,..,..,..,..,..,..,..,..,..,..,..
..REGION V (BICOL REGION),Sweet Peas,..,..,..,..,..,..,..,..,..,..,..,..,..,..,..,..,..,..,..,..,..,..,..,..,..,..,..,..,..,..,..,..,..,..,..,..,..,..,..,..,..,..,..,..,..,..,..,..,..,..,..,..,..,..,..,..,..,..,..,..,..,..,..,..,..,..,..,..,..,..,..,..,..,..,..,..,..,..,..,..,..,..,..,..,..,..,..,..,..,..,..,..,..,..,..,..,..,..,..,..,..,..,..,..,..,..,..,..,..,..,..,..,..,..,..,..,..,..,..,..,..,..,..,..,..,..,..,..,..,..,..,..,..,..,..,..,..,..,..,..,..,..,..,..,..,..,..,..,..,..,..,..,..,..,..,..
..REGION V (BICOL REGION),Sweet Peas Native,..,..,..,..,..,..,..,..,..,..,..,..,..,..,..,..,..,..,..,..,..,..,..,..,..,..,..,..,..,..,..,..,..,..,..,..,..,..,..,..,..,..,..,..,..,..,..,..,..,..,..,..,..,..,..,..,..,..,..,..,..,..,..,..,..,..,..,..,..,..,..,..,..,..,..,..,..,..,..,..,..,..,..,..,..,..,..,..,..,..,..,..,..,..,..,..,..,..,..,..,..,..,..,..,..,..,..,..,..,..,..,..,..,..,..,..,..,..,..,..,..,..,..,..,..,..,..,..,..,..,..,..,..,..,..,..,..,..,..,..,..,..,..,..,..,..,..,..,..,..,..,..,..,..,..,..
..REGION VI (WESTERN VISAYAS),Habitchuelas [Snap beans],25.71,26.63,35.67,27.56,32.67,22.34,23.86,16.73,23.46,28,23.73,26.16,37.78,38.03,34.45,29.66,41.04,46.14,31.2,59.22,45.23,63.83,50.44,44.05,40.97,41.76,46.22,33.01,35.12,34.29,31.39,45.11,40.42,33.33,49.43,56.93,36.92,33.59,38.04,35.93,33.15,39.19,30.02,36.41,46.46,59.64,62.69,58.37,43.43,42.67,44.17,38.25,27.97,22.89,36.29,53.59,44.47,33.81,46.68,78.42,53.62,30.19,40.04,42.46,35.71,28.57,32.71,52.06,45.46,38.95,60.21,45.5,27.05,39.68,36.02,39.9,79.71,54.01,28.16,41.47,56.18,50.96,38.12,42.03,52.66,57.92,45.88,42.26,38.95,43.76,46.6,44.96,51.58,57.17,77.41,70.38,66.91,60.84,57.23,51.6,50.84,46.65,39.54,44.32,78.08,52.87,48.08,47.53,41.35,56.17,55.91,66.77,95.24,57.75,56.16,64.63,70.48,52.5,54.75,62.15,58.11,57.63,50.72,50.56,49.77,48.13,37.4,50.19,64.95,70.26,65.64,67,74,70.13,61.68,59.07,59.86,59.68,58.49,47.75,48.18,61.7,89.5,102.03,85.18,72,52.98,53.96,64.26,62.06,53.36,57.73,67.98,70,117.2,74.26
..REGION VI (WESTERN VISAYAS),"Kidney Beans, white",..,..,..,..,..,..,..,..,..,..,..,..,..,..,..,..,..,..,..,..,..,..,..,..,..,..,..,..,..,..,..,..,..,..,..,..,..,..,..,..,..,..,..,..,..,..,..,..,..,..,..,..,..,..,..,..,..,..,..,..,..,..,..,..,..,..,..,..,..,..,..,..,..,..,..,..,..,..,..,..,..,..,..,..,..,..,..,..,..,..,..,..,..,..,..,..,..,..,..,..,..,..,..,..,..,..,..,..,..,..,..,..,..,..,..,..,..,..,..,..,..,..,..,..,..,..,..,..,..,..,..,..,..,..,..,..,..,..,..,..,..,..,..,..,..,..,..,..,..,..,..,..,..,..,..,..
..REGION VI (WESTERN VISAYAS),"Mongo [Mungbean], green",..,..,..,..,..,..,..,..,..,..,..,..,..,..,..,..,..,..,..,..,..,..,..,..,..,..,..,..,..,..,..,..,..,..,..,..,..,..,..,..,..,..,..,..,..,..,..,..,..,..,..,..,..,..,..,..,..,..,..,..,..,..,..,..,..,..,..,..,..,..,..,..,..,..,..,..,..,..,..,..,..,..,..,..,..,..,..,..,..,..,..,..,..,..,..,..,..,..,..,..,..,..,..,..,..,..,..,..,..,..,..,..,74.59,..,..,..,..,..,..,..,..,..,..,..,..,..,..,..,..,..,..,..,..,..,..,..,..,..,..,..,..,..,..,..,..,..,..,..,..,..,..,..,..,..,..,..
..REGION VI (WESTERN VISAYAS),"Mongo [Mungbean], Yellow",..,..,..,..,..,..,..,..,..,..,..,..,..,..,..,..,..,..,..,..,..,..,..,..,..,..,..,..,..,..,..,..,..,..,..,..,..,..,..,..,..,..,..,..,..,..,..,..,..,..,..,..,..,..,..,..,..,..,..,..,..,..,..,..,..,..,..,..,..,..,..,..,..,..,..,..,..,..,..,..,..,..,..,..,..,..,..,..,..,..,..,..,..,..,..,..,..,..,..,..,..,..,..,..,..,..,..,..,..,..,..,..,..,..,..,..,..,..,..,..,..,..,..,..,..,..,..,..,..,..,..,..,..,..,..,..,..,..,..,..,..,..,..,..,..,..,..,..,..,..,..,..,..,..,..,..
..REGION VI (WESTERN VISAYAS),"Peanut with shell, dry",..,..,..,..,..,..,..,..,..,..,..,..,..,..,..,..,..,..,..,..,..,..,..,..,..,..,..,..,..,..,..,..,..,..,..,..,..,..,..,..,..,..,..,..,..,..,..,..,..,..,..,..,..,..,..,..,..,..,..,..,..,..,..,..,..,..,..,..,..,..,..,..,..,..,..,..,..,..,..,..,..,..,..,..,..,..,..,..,..,..,..,..,..,..,..,..,..,..,..,..,..,..,..,..,..,..,..,..,..,..,..,..,..,..,..,..,..,..,..,..,..,..,..,..,..,..,..,..,..,..,..,..,..,..,..,..,..,..,..,..,..,..,..,..,..,..,..,..,..,..,..,..,..,..,..,..
..REGION VI (WESTERN VISAYAS),"Peanut without shell, dry",..,..,..,..,..,..,..,..,..,..,..,..,..,..,..,..,..,..,..,..,..,..,..,..,..,..,..,..,..,..,..,..,..,..,..,..,..,..,..,..,..,..,..,..,..,..,..,..,..,..,..,..,..,..,..,..,..,..,..,..,..,..,..,..,..,..,..,..,..,..,..,..,..,..,..,..,..,..,..,..,..,..,..,..,..,..,..,..,..,..,..,..,..,..,..,..,..,..,..,..,..,..,..,..,..,..,..,..,..,..,..,..,78,..,..,..,..,..,..,..,..,..,..,..,..,..,..,..,..,..,..,..,..,..,..,..,..,..,..,..,..,..,..,..,..,..,..,..,..,..,..,..,..,..,..,..
..REGION VI (WESTERN VISAYAS),Stringbeans,24.37,30.17,26.57,16.27,13.71,18.09,29.67,11.4,9.11,11.75,12.95,14.68,21.14,27.45,27.31,24.3,20.94,20.8,25.85,22.76,23.22,25.29,24.82,20.78,18.75,18.15,18.69,18.08,15.85,21.31,27.55,27.44,24.37,19.83,22.29,19.05,32.09,32.08,27.92,22.51,23.54,27.37,21.6,22.18,22.12,29.14,38.14,28.77,31.67,28.15,28.06,27.92,22.22,16.68,16.89,21.4,25.89,26.21,24.8,36.79,29.75,24.95,22.77,29.82,24.09,32.77,39.45,24.78,18.66,20.95,22.57,26.62,22.14,27.07,28.17,24.52,37.09,37.08,32.74,30.04,29.28,32.38,27.5,22.09,36.32,40.42,43.14,36.8,32,32.08,31.77,27.37,32.12,32.07,27.62,42.72,57.6,50.24,..,37.06,37.38,40.08,37.23,31.71,..,32.07,31.58,32,33,36.5,47,48.15,71.24,52.75,43.31,35.69,36.54,36.86,31.23,30.69,35.54,40.75,37.31,38,42.62,50,35.14,26.77,50,54.62,61.38,62,41.54,57,52,47.69,42.62,42,42.38,..,40.95,38.54,..,63.5,86.23,88.5,53.31,43.77,46.85,36,27.69,29.93,27.69,51.85,72.77,66.69
..REGION VI (WESTERN VISAYAS),Sweet Peas,..,..,..,..,..,..,..,..,..,..,..,..,..,..,..,..,..,..,..,..,..,..,..,..,..,..,..,..,..,..,..,..,..,..,..,..,..,..,..,..,..,..,..,..,..,..,..,..,..,..,..,..,..,..,..,..,..,..,..,..,..,..,..,..,..,..,..,..,..,..,..,..,..,..,..,..,..,..,..,..,..,..,..,..,..,..,..,..,..,..,..,..,..,..,..,..,..,..,..,..,..,..,..,..,..,..,..,..,..,..,..,..,..,..,..,..,..,..,..,..,..,..,..,..,..,..,..,..,..,..,..,..,..,..,..,..,..,..,..,..,..,..,..,..,..,..,..,..,..,..,..,..,..,..,..,..
..REGION VI (WESTERN VISAYAS),Sweet Peas Native,..,..,..,..,..,..,..,..,..,..,..,..,..,..,..,..,..,..,..,..,..,..,..,..,..,..,..,..,..,..,..,..,..,..,..,..,..,..,..,..,..,..,..,..,..,..,..,..,..,..,..,..,..,..,..,..,..,..,..,..,..,..,..,..,..,..,..,..,..,..,..,..,..,..,..,..,..,..,..,..,..,..,..,..,..,..,..,..,..,..,..,..,..,..,..,..,..,..,..,..,..,..,..,..,..,..,..,..,..,..,..,..,..,..,..,..,..,..,..,..,..,..,..,..,..,..,..,..,..,..,..,..,..,..,..,..,..,..,..,..,..,..,..,..,..,..,..,..,..,..,..,..,..,..,..,..
..REGION VII (CENTRAL VISAYAS),Habitchuelas [Snap beans],25.59,24.36,27.24,32.96,28.95,26.63,18.62,11.08,23.84,27.39,20.51,21.86,28.38,37.6,27.83,24.93,33.72,29.21,18.89,31.27,22.81,32.25,27.38,23.76,27.31,29.58,25.34,18.52,25.38,23.78,20.41,23.81,32.88,21.74,28.42,43.13,31.2,22.43,25.02,29.89,37.22,26.82,13.76,20.15,26.86,26.1,32.91,29.65,34.64,51.9,32.12,32.28,28.4,31.49,24.09,21.98,28.48,25,27.28,52.57,49.7,25.09,34.94,49.37,33.51,31.91,28.61,29.42,25.45,29.74,41.71,32.78,46.56,40.66,35.96,51.79,76,61.64,36.45,31.17,41.85,36.54,30,37.65,34.02,50.58,46.36,36.5,26.71,27,27.46,27.43,31.9,29.73,30.33,47.6,44.92,39.78,35.07,35.5,37.31,..,28.66,28,44.58,38.57,27.77,43.43,39.37,47.95,49.98,54.22,51.58,52.76,45.23,42.26,43.84,..,..,30,..,..,28.27,59.55,57.17,32.87,20.1,28.1,28.5,30.76,43.7,45.9,63.08,47.4,53.5,57.67,43,36.73,37.8,50.8,34,..,51.15,59.12,104.21,47.25,34.4,..,50.91,43,36,38.29,38.69,51.75,68.46,50.77
..REGION VII (CENTRAL VISAYAS),"Kidney Beans, white",..,..,..,..,..,..,..,..,..,..,..,..,..,..,..,..,..,..,..,..,..,..,..,..,..,..,..,..,..,..,..,..,..,..,..,..,..,..,..,..,..,..,..,..,..,..,..,..,..,..,..,..,..,..,..,..,..,..,..,..,..,..,..,..,..,..,..,..,..,..,..,..,..,..,..,..,..,..,..,..,..,..,..,..,..,..,..,..,..,..,..,..,..,..,..,..,..,..,..,..,..,..,..,..,..,..,..,..,..,..,..,..,..,..,..,..,..,..,..,..,..,..,..,..,..,..,..,..,..,..,..,..,..,..,..,..,..,..,..,..,..,..,..,..,..,..,..,..,..,..,..,..,..,..,..,..
..REGION VII (CENTRAL VISAYAS),"Mongo [Mungbean], green",..,..,..,..,..,..,..,..,..,..,..,..,..,..,..,..,..,..,..,..,..,..,..,..,..,..,..,..,..,..,..,..,..,..,..,..,..,..,..,..,..,..,..,..,..,..,..,..,..,..,..,..,..,..,..,..,..,..,..,..,..,..,..,..,..,..,..,..,..,..,..,..,..,..,..,..,..,..,..,..,..,..,..,..,..,..,..,..,..,..,..,..,..,..,..,..,..,112.73,63.75,59.08,63.77,..,57.88,57.24,58.22,59,59.09,59,58.98,59.05,58.98,59.42,59.46,59.58,60.49,59.02,59.16,..,..,60,..,..,62.8,61.2,61.2,65.14,68.19,61.95,64.25,60,61.83,67.65,67.56,69.12,80.9,84.4,80.8,68.8,66.8,66.8,67,..,67.35,68.88,70.4,71,71.6,..,64.33,60.6,63.03,66.31,67.51,69.2,67.14,66.62
..REGION VII (CENTRAL VISAYAS),"Mongo [Mungbean], Yellow",..,..,..,..,..,..,..,..,..,..,..,..,..,..,..,..,..,..,..,..,..,..,..,..,..,..,..,..,..,..,..,..,..,..,..,..,..,..,..,..,..,..,..,..,..,..,..,..,..,..,..,..,..,..,..,..,..,..,..,..,..,..,..,..,..,..,..,..,..,..,..,..,..,..,..,..,..,..,..,..,..,..,..,..,..,..,..,..,..,..,..,..,..,..,..,..,..,..,..,..,..,..,..,..,..,..,..,..,..,..,..,..,..,..,..,..,..,..,..,..,..,..,..,..,..,..,..,..,..,..,..,..,..,..,..,..,..,..,..,..,..,..,..,..,..,..,..,..,..,..,..,..,..,..,..,..
..REGION VII (CENTRAL VISAYAS),"Peanut with shell, dry",43.88,50.18,51.53,53.03,52.81,55,56.5,53.15,47.61,46.16,51.11,56.15,51.07,49.02,51.11,52.37,53.37,52.61,55.35,53.49,58.58,55.13,57.33,57.37,54.87,57.13,57.21,58.26,57,57.79,57.29,54.97,56.87,58.97,57.48,56.79,58.32,56.52,57.04,55.31,57.16,58.73,59.6,56.93,48.76,57.73,61.78,57.73,55.46,63,65.85,58.28,51.79,54.84,56.38,55.54,55.36,59.29,62.16,62.75,62.59,60.06,67.31,73.03,71.68,73.12,78.13,72.04,72.04,65.08,77,74.52,77.07,74.85,75.22,67.03,76,83.84,79.15,81.69,68.87,77.89,67.45,75.98,85.54,76.25,70.86,64.83,73.93,79.6,76.15,76.83,87.9,97.86,101.25,107.5,110,113.51,60,60,60,..,60,60,60,60,60,60,60,49.33,60.98,60.85,60.71,61.44,60.79,61.24,61,..,..,60,..,..,..,80,80,80,80,77.86,77.78,76.11,73.42,80.2,76.88,78.8,83.25,85,85,85,85,90,92.94,..,118.25,120.79,120,120,120,..,116.09,110.04,108,110,109.23,106.67,110,105.38
..REGION VII (CENTRAL VISAYAS),"Peanut without shell, dry",..,..,..,..,..,..,..,..,..,..,..,..,..,..,..,..,..,73.16,82,81.05,79.13,80,78.24,75.4,74.13,69.93,70.69,73.69,73.92,75.28,73.55,68.88,68.64,68.79,69.78,73.37,75.62,74.33,74.42,73.82,73.76,72.89,72.15,70.95,67,65.13,69.91,73.19,71.24,68.62,65.85,63.25,62.18,63.66,64.27,67.21,67.08,67.92,76.53,77.14,79.64,78.48,80.89,79.1,78.61,78.74,83.21,80.41,77.92,76.55,82.58,79.21,81.73,79.5,82.25,67.03,76.29,82.09,86.11,87.16,87.22,82.1,64.91,74.84,90.46,76.17,74.64,65.75,71,74.4,74.31,79.14,87.94,97.89,99.38,100,87.88,87.22,69.75,70,70,..,70,70.12,70,70,70,70,70,70,72.57,72,72.6,72.51,72.06,71.54,71.22,..,..,70,..,..,80,80,80,78.12,77.82,90.25,93.33,..,..,..,..,..,..,77,77,80,80,80,82,..,87.9,87.76,88,89,90,..,88.49,87.15,88.6,91.29,92.45,93,104.8,115.77
..REGION VII (CENTRAL VISAYAS),Stringbeans,24.98,21.24,19.88,34.38,37.74,36.16,20.26,13.37,18.38,23.16,21.49,18,28.82,26.48,23.54,18.94,26.66,31.09,18.95,24.58,21.49,25.49,25.73,21.79,24.3,22.75,21.47,14.64,21.29,27.21,26.21,26.73,35.54,26.83,25.03,21.98,23.74,23.66,19.65,24.89,27.17,30.63,18.3,13.49,25.55,35.14,41.62,24.33,33.37,42.23,34.45,22.63,20.15,28.4,28.24,24.38,32.39,22.49,25.12,46.93,42.86,29.31,31.36,38.47,41.15,44.27,34.59,21.58,25.1,25.55,28.06,33.64,17.16,29.62,27.28,45.25,70.89,72.17,49.41,36.44,47.44,52.35,45.45,40.46,34.27,46.93,50.21,45.08,34.29,31.9,32.6,30.64,44.08,30.09,35.83,50.72,46.31,32.2,35.91,35.42,41.92,..,29.57,32.5,60.42,61.86,30.14,38.27,39.17,44.63,47.98,57.7,52.42,56.36,46.72,41.7,41.16,..,..,30,..,..,42.73,68,60,48.62,25.58,27.05,30.45,39.36,46,50.55,69.08,47.68,38.25,37,33.33,41.13,31,44.2,63,..,33.75,73.41,107.5,60.5,48,..,37.64,39.75,35,35.29,32.85,50.67,67.92,61.85
..REGION VII (CENTRAL VISAYAS),Sweet Peas,..,..,..,..,..,..,..,..,..,..,..,..,..,..,..,..,..,..,..,..,..,..,..,..,..,..,..,..,..,..,..,..,..,..,..,..,..,..,..,..,..,..,..,..,..,..,..,..,..,..,..,..,..,..,..,..,..,..,..,..,..,..,..,..,..,..,..,..,..,..,..,..,..,..,..,..,..,..,..,..,..,..,..,..,..,..,..,..,..,..,..,..,..,..,..,..,..,..,..,..,..,..,..,..,..,..,..,..,..,..,..,..,..,..,..,..,..,..,..,..,..,..,..,..,..,..,..,..,..,..,..,..,..,..,..,..,..,..,..,..,..,..,..,..,..,..,..,..,..,..,..,..,..,..,..,..
..REGION VII (CENTRAL VISAYAS),Sweet Peas Native,..,..,..,..,..,..,..,..,..,..,..,..,..,..,..,..,..,..,..,..,..,..,..,..,..,..,..,..,..,..,..,..,..,..,..,..,..,..,..,..,..,..,..,..,..,..,..,..,..,..,..,..,..,..,..,..,..,..,..,..,..,..,..,..,..,..,..,..,..,..,..,..,..,..,..,..,..,..,..,..,..,..,..,..,..,..,..,..,..,..,..,..,..,..,..,..,..,..,..,..,..,..,..,..,..,..,..,..,..,..,..,..,..,..,..,..,..,..,..,..,..,..,..,..,..,..,..,..,..,..,..,..,..,..,..,..,..,..,..,..,..,..,..,..,..,..,..,..,..,..,..,..,..,..,..,..
..REGION VIII (EASTERN VISAYAS),Habitchuelas [Snap beans],..,..,..,..,..,..,..,..,..,..,..,..,..,..,..,..,..,..,..,..,..,..,..,..,..,..,..,..,..,..,..,..,..,..,..,..,..,..,..,..,..,..,..,..,..,..,..,..,..,..,..,..,..,..,..,..,..,..,..,..,..,..,..,..,..,..,..,..,..,..,..,..,..,..,..,..,..,..,..,..,..,..,..,..,..,..,..,..,..,..,..,..,..,..,..,..,..,..,..,..,..,..,..,..,..,..,..,..,..,..,..,..,..,..,..,..,..,..,..,..,..,..,..,..,..,..,..,..,..,..,..,..,..,..,..,..,..,..,..,..,..,..,..,..,..,..,..,..,..,..,..,..,..,..,..,..
..REGION VIII (EASTERN VISAYAS),"Kidney Beans, white",..,..,..,..,..,..,..,..,..,..,..,..,..,..,..,..,..,..,..,..,..,..,..,..,..,..,..,..,..,..,..,..,..,..,..,..,..,..,..,..,..,..,..,..,..,..,..,..,..,..,..,..,..,..,..,..,..,..,..,..,..,..,..,..,..,..,..,..,..,..,..,..,..,..,..,..,..,..,..,..,..,..,..,..,..,..,..,..,..,..,..,..,..,..,..,..,..,..,..,..,..,..,..,..,..,..,..,..,..,..,..,..,..,..,..,..,..,..,..,..,..,..,..,..,..,..,..,..,..,..,..,..,..,..,..,..,..,..,..,..,..,..,..,..,..,..,..,..,..,..,..,..,..,..,..,..
..REGION VIII (EASTERN VISAYAS),"Mongo [Mungbean], green",..,..,..,..,..,..,..,..,..,..,..,..,..,..,..,..,..,..,..,..,..,..,..,..,..,..,..,..,..,..,..,..,..,..,..,..,..,..,..,..,..,..,..,..,..,..,..,..,..,..,..,..,..,..,..,..,..,..,..,..,..,..,..,..,..,..,..,..,..,..,..,..,..,..,..,..,..,..,..,..,..,..,..,..,..,..,..,..,..,..,..,..,..,..,..,..,..,..,..,..,..,..,..,..,..,..,..,..,..,..,..,..,..,..,..,..,..,..,..,..,..,..,..,..,..,..,..,..,..,..,..,..,..,..,..,..,..,..,..,..,..,..,..,..,..,..,..,..,..,..,..,..,..,..,..,..
..REGION VIII (EASTERN VISAYAS),"Mongo [Mungbean], Yellow",..,..,..,..,..,..,..,..,..,..,..,..,..,..,..,..,..,..,..,..,..,..,..,..,..,..,..,..,..,..,..,..,..,..,..,..,..,..,..,..,..,..,..,..,..,..,..,..,..,..,..,..,..,..,..,..,..,..,..,..,..,..,..,..,..,..,..,..,..,..,..,..,..,..,..,..,..,..,..,..,..,..,..,..,..,..,..,..,..,..,..,..,..,..,..,..,..,..,..,..,..,..,..,..,..,..,..,..,..,..,..,..,..,..,..,..,..,..,..,..,..,..,..,..,..,..,..,..,..,..,..,..,..,..,..,..,..,..,..,..,..,..,..,..,..,..,..,..,..,..,..,..,..,..,..,..
..REGION VIII (EASTERN VISAYAS),"Peanut with shell, dry",..,..,..,..,..,..,..,..,..,..,..,..,..,..,..,..,..,..,..,..,..,..,..,..,..,..,..,..,..,..,..,..,..,..,..,..,..,..,..,..,..,..,..,..,..,..,..,..,..,..,..,..,..,..,..,..,..,..,..,..,..,..,..,..,..,..,..,..,..,..,..,..,..,..,..,..,..,..,..,..,..,..,..,..,..,..,..,..,..,..,..,..,..,..,..,..,..,..,..,..,..,..,..,..,..,..,..,..,..,..,..,..,..,..,..,..,..,..,..,..,..,..,..,..,..,..,..,..,..,..,..,..,..,..,..,..,..,..,..,..,..,..,..,..,..,..,..,..,..,..,..,..,..,..,..,..
..REGION VIII (EASTERN VISAYAS),"Peanut without shell, dry",..,..,..,..,..,..,..,..,..,..,..,..,..,..,..,..,..,..,..,..,..,..,..,..,..,..,..,..,..,..,..,..,..,..,..,..,..,..,..,..,..,..,..,..,..,..,..,..,..,..,..,..,..,..,..,..,..,..,..,..,..,..,..,..,..,..,..,..,..,..,..,..,..,..,..,..,..,..,..,..,..,..,..,..,..,..,..,..,..,..,..,..,..,..,..,..,..,..,..,..,..,..,..,..,..,..,..,..,..,..,..,..,..,..,..,..,..,..,..,..,..,..,..,..,..,..,..,..,..,..,..,..,..,..,..,..,..,..,..,..,..,..,..,..,..,..,..,..,..,..,..,..,..,..,..,..
..REGION VIII (EASTERN VISAYAS),Stringbeans,..,..,..,..,..,..,..,..,..,..,..,..,..,..,..,..,..,..,..,..,..,..,..,..,..,..,..,..,..,..,..,..,..,..,..,..,..,..,..,..,..,..,..,..,..,..,..,..,..,..,..,..,..,..,..,..,..,..,..,..,..,..,..,..,..,..,..,..,..,..,..,..,..,..,..,..,..,..,..,..,..,..,..,..,..,..,..,..,..,..,..,..,..,..,..,..,..,..,..,..,..,..,..,..,..,..,..,..,..,..,..,..,..,..,..,..,..,..,..,..,..,..,..,..,..,..,..,..,..,..,..,..,..,..,..,..,..,..,..,..,..,..,..,..,..,..,..,..,..,..,..,..,..,..,..,..
..REGION VIII (EASTERN VISAYAS),Sweet Peas,..,..,..,..,..,..,..,..,..,..,..,..,..,..,..,..,..,..,..,..,..,..,..,..,..,..,..,..,..,..,..,..,..,..,..,..,..,..,..,..,..,..,..,..,..,..,..,..,..,..,..,..,..,..,..,..,..,..,..,..,..,..,..,..,..,..,..,..,..,..,..,..,..,..,..,..,..,..,..,..,..,..,..,..,..,..,..,..,..,..,..,..,..,..,..,..,..,..,..,..,..,..,..,..,..,..,..,..,..,..,..,..,..,..,..,..,..,..,..,..,..,..,..,..,..,..,..,..,..,..,..,..,..,..,..,..,..,..,..,..,..,..,..,..,..,..,..,..,..,..,..,..,..,..,..,..
..REGION VIII (EASTERN VISAYAS),Sweet Peas Native,..,..,..,..,..,..,..,..,..,..,..,..,..,..,..,..,..,..,..,..,..,..,..,..,..,..,..,..,..,..,..,..,..,..,..,..,..,..,..,..,..,..,..,..,..,..,..,..,..,..,..,..,..,..,..,..,..,..,..,..,..,..,..,..,..,..,..,..,..,..,..,..,..,..,..,..,..,..,..,..,..,..,..,..,..,..,..,..,..,..,..,..,..,..,..,..,..,..,..,..,..,..,..,..,..,..,..,..,..,..,..,..,..,..,..,..,..,..,..,..,..,..,..,..,..,..,..,..,..,..,..,..,..,..,..,..,..,..,..,..,..,..,..,..,..,..,..,..,..,..,..,..,..,..,..,..
..REGION IX (ZAMBOANGA PENINSULA),Habitchuelas [Snap beans],..,..,..,..,..,..,..,..,..,..,..,..,..,..,..,..,..,..,..,..,..,..,..,..,..,..,..,..,..,..,..,..,..,..,..,..,..,..,..,..,..,..,..,..,..,..,..,..,..,..,..,..,..,..,..,..,..,..,..,..,..,..,..,..,..,..,..,..,..,..,..,..,..,..,..,..,..,..,..,..,..,..,..,..,..,..,..,..,..,..,..,..,..,..,..,..,..,..,..,..,..,..,..,..,..,..,..,..,..,..,..,..,..,..,..,..,..,..,..,..,..,..,..,..,..,..,..,..,..,..,..,..,..,..,..,..,..,..,..,..,..,..,..,..,..,..,..,..,..,..,..,..,..,..,..,..
..REGION IX (ZAMBOANGA PENINSULA),"Kidney Beans, white",..,..,..,..,..,..,..,..,..,..,..,..,..,..,..,..,..,..,..,..,..,..,..,..,..,..,..,..,..,..,..,..,..,..,..,..,..,..,..,..,..,..,..,..,..,..,..,..,..,..,..,..,..,..,..,..,..,..,..,..,..,..,..,..,..,..,..,..,..,..,..,..,..,..,..,..,..,..,..,..,..,..,..,..,..,..,..,..,..,..,..,..,..,..,..,..,..,..,..,..,..,..,..,..,..,..,..,..,..,..,..,..,..,..,..,..,..,..,..,..,..,..,..,..,..,..,..,..,..,..,..,..,..,..,..,..,..,..,..,..,..,..,..,..,..,..,..,..,..,..,..,..,..,..,..,..
..REGION IX (ZAMBOANGA PENINSULA),"Mongo [Mungbean], green",..,..,..,..,..,..,..,..,..,..,..,..,..,..,..,..,..,..,..,..,..,..,..,..,..,..,..,..,..,..,..,..,..,..,..,..,..,..,..,..,..,..,..,..,..,..,..,..,..,..,..,..,..,..,..,..,..,..,..,..,..,..,..,..,..,..,..,..,..,..,..,..,..,..,..,..,..,..,..,..,..,..,..,..,..,..,..,..,..,..,..,..,..,..,..,..,..,..,..,..,..,..,..,..,..,..,..,..,..,..,..,..,..,..,..,..,..,..,..,..,..,..,..,..,..,..,..,..,..,..,..,..,..,..,..,..,..,..,..,..,..,..,..,..,..,..,..,..,..,..,..,..,..,..,..,..
..REGION IX (ZAMBOANGA PENINSULA),"Mongo [Mungbean], Yellow",..,..,..,..,..,..,..,..,..,..,..,..,..,..,..,..,..,..,..,..,..,..,..,..,..,..,..,..,..,..,..,..,..,..,..,..,..,..,..,..,..,..,..,..,..,..,..,..,..,..,..,..,..,..,..,..,..,..,..,..,..,..,..,..,..,..,..,..,..,..,..,..,..,..,..,..,..,..,..,..,..,..,..,..,..,..,..,..,..,..,..,..,..,..,..,..,..,..,..,..,..,..,..,..,..,..,..,..,..,..,..,..,..,..,..,..,..,..,..,..,..,..,..,..,..,..,..,..,..,..,..,..,..,..,..,..,..,..,..,..,..,..,..,..,..,..,..,..,..,..,..,..,..,..,..,..
..REGION IX (ZAMBOANGA PENINSULA),"Peanut with shell, dry",..,..,..,..,..,..,..,..,..,..,..,..,..,..,..,..,..,..,..,..,..,..,..,..,..,..,..,..,..,..,..,..,..,..,..,..,..,..,..,..,..,..,..,..,..,..,..,..,..,..,..,..,..,..,..,..,..,..,..,..,..,..,..,..,..,..,..,..,..,..,..,..,..,..,..,..,..,..,..,..,..,..,..,..,..,..,..,..,..,..,..,..,..,..,..,..,..,..,..,..,..,..,..,..,..,..,..,..,..,..,..,..,..,..,..,..,..,..,..,..,..,..,..,..,..,..,..,..,..,..,..,..,..,..,..,..,..,..,..,..,..,..,..,..,..,..,..,..,..,..,..,..,..,..,..,..
..REGION IX (ZAMBOANGA PENINSULA),"Peanut without shell, dry",..,..,..,..,..,..,..,..,..,..,..,..,..,..,..,..,..,..,..,..,..,..,..,..,..,..,..,..,..,..,..,..,..,..,..,..,..,..,..,..,..,..,..,..,..,..,..,..,..,..,..,..,..,..,..,..,..,..,..,..,..,..,..,..,..,..,..,..,..,..,..,..,..,..,..,..,..,..,..,..,..,..,..,..,..,..,..,..,..,..,..,..,..,..,..,..,..,..,..,..,..,..,..,..,..,..,..,..,..,..,..,..,..,..,..,..,..,..,..,..,..,..,..,..,..,..,..,..,..,..,..,..,..,..,..,..,..,..,..,..,..,..,..,..,..,..,..,..,..,..,..,..,..,..,..,..
..REGION IX (ZAMBOANGA PENINSULA),Stringbeans,..,..,..,..,..,..,..,..,..,..,..,..,..,..,..,..,..,..,..,..,..,..,..,..,..,..,..,..,..,..,..,..,..,..,..,..,..,..,..,..,..,..,..,..,..,..,..,..,..,..,..,..,..,..,..,..,..,..,..,..,..,..,..,..,..,..,..,..,..,..,..,..,..,..,..,..,..,..,..,..,..,..,..,..,..,..,..,..,..,..,..,..,..,..,..,..,..,..,..,..,..,..,..,..,..,..,..,..,..,..,..,..,..,..,..,..,..,..,..,..,..,..,..,..,..,..,..,..,..,..,..,..,..,..,..,..,..,..,..,..,..,..,..,..,..,..,..,..,..,..,..,..,..,..,..,..
..REGION IX (ZAMBOANGA PENINSULA),Sweet Peas,..,..,..,..,..,..,..,..,..,..,..,..,..,..,..,..,..,..,..,..,..,..,..,..,..,..,..,..,..,..,..,..,..,..,..,..,..,..,..,..,..,..,..,..,..,..,..,..,..,..,..,..,..,..,..,..,..,..,..,..,..,..,..,..,..,..,..,..,..,..,..,..,..,..,..,..,..,..,..,..,..,..,..,..,..,..,..,..,..,..,..,..,..,..,..,..,..,..,..,..,..,..,..,..,..,..,..,..,..,..,..,..,..,..,..,..,..,..,..,..,..,..,..,..,..,..,..,..,..,..,..,..,..,..,..,..,..,..,..,..,..,..,..,..,..,..,..,..,..,..,..,..,..,..,..,..
..REGION IX (ZAMBOANGA PENINSULA),Sweet Peas Native,..,..,..,..,..,..,..,..,..,..,..,..,..,..,..,..,..,..,..,..,..,..,..,..,..,..,..,..,..,..,..,..,..,..,..,..,..,..,..,..,..,..,..,..,..,..,..,..,..,..,..,..,..,..,..,..,..,..,..,..,..,..,..,..,..,..,..,..,..,..,..,..,..,..,..,..,..,..,..,..,..,..,..,..,..,..,..,..,..,..,..,..,..,..,..,..,..,..,..,..,..,..,..,..,..,..,..,..,..,..,..,..,..,..,..,..,..,..,..,..,..,..,..,..,..,..,..,..,..,..,..,..,..,..,..,..,..,..,..,..,..,..,..,..,..,..,..,..,..,..,..,..,..,..,..,..
..REGION X (NORTHERN MINDANAO),Habitchuelas [Snap beans],23.76,21.86,25.26,36.93,31.29,20.05,17.8,19.61,23.26,24.63,28.32,30.7,27.46,34.38,35.81,25.12,29.71,33.8,27.52,29.22,24.95,28.88,25.63,26.35,27.54,28.2,27.12,23.62,23.45,22.66,20.66,24.2,27.23,23.73,24.11,25.82,23.85,25.28,26.95,30.2,29.11,28.03,18,21.58,23.85,31.03,31.57,25.58,35.31,58.63,33.65,33.89,27.8,26.74,25.8,31.03,36.85,26.54,27.07,36.66,42.78,34.85,28.49,..,57.8,37.12,26.83,25.03,30.43,37.49,48.49,46.03,37.4,40.08,58.85,63.05,57.38,50.94,27.92,32.29,57.62,50.77,35.31,33.51,46.15,53.82,50.1,50.22,36.43,46.75,33.92,38.77,40.23,38.08,35.31,42.85,..,50.58,50.46,50,50,20.38,20,20,20,..,30,30,30,44.58,55,55.38,60,59.25,58.5,38.48,37.88,50.6,42.58,31.17,31.86,..,41.77,36.15,40,39.78,32.36,34.85,40,40,47.85,52.31,50,43.12,53.64,47.54,33.31,40.69,37.46,38.34,42.69,41.69,46.85,67,78.25,60.69,73.36,44.58,43.54,59.08,62.77,53.13,..,57,68.87,50.77
..REGION X (NORTHERN MINDANAO),"Kidney Beans, white",45,..,..,40.91,38.86,48.29,48,..,40.67,40,40.33,55,55,55,53.33,48.48,46.82,47.54,48.81,48.9,47.08,43.7,45.28,45.88,48,47.31,45.45,44.67,45,45.15,45,47.35,47.64,47.5,..,56.8,56,55.74,63,50,47.14,47,45.52,51.54,49.81,50,51.21,..,80.34,80,70,72.58,70.93,63.2,63.64,65.35,49.31,44.86,54.65,66.4,63.46,61.04,62.63,53.5,..,50.4,46.62,46.11,45.98,45.38,49.52,47.29,33.33,60.62,62.17,56.17,63.62,59.29,57.4,57.66,54.71,56.75,57.15,64,61.52,62,64.21,61.82,63,64.54,61.77,62.23,..,63.15,63.54,65.38,..,78.93,79.12,76.74,74.78,..,64.96,64.96,66,71.67,73.55,68.42,..,76.43,75.59,72.32,70.33,68.75,67.14,68.46,71.35,79.5,..,..,85,..,78.46,81.67,83.08,75,66.43,..,73.85,72.31,70,72.31,75,77.5,72.14,73.46,75,75,84.23,81.54,83.08,78.46,80,85.71,87.31,87.08,86.92,85.83,77.69,78.46,78.08,77.86,83.46,82.69,85,80
..REGION X (NORTHERN MINDANAO),"Mongo [Mungbean], green",67.42,69.35,71.7,65.77,68.27,69.01,68.94,69.86,71.93,73.38,75.55,74.74,..,..,..,..,..,..,..,..,..,..,..,..,..,..,..,..,..,..,..,..,..,..,..,..,..,..,..,..,..,..,..,..,..,..,..,..,..,..,..,..,..,..,..,..,..,..,..,..,..,..,..,..,..,..,..,..,..,..,..,..,27.75,..,..,..,..,..,..,..,..,..,..,..,..,..,..,..,..,..,..,..,..,..,..,..,..,..,..,..,..,..,..,..,..,..,..,..,..,..,..,..,..,..,..,..,..,..,..,..,..,..,..,..,..,..,..,..,..,..,..,..,..,..,..,..,..,..,..,..,..,..,..,..,..,..,..,..,..,..,..,..,..,..,..,..
..REGION X (NORTHERN MINDANAO),"Mongo [Mungbean], Yellow",..,..,..,..,..,..,..,..,..,..,..,..,..,..,..,..,..,..,..,..,..,..,..,..,..,..,..,..,..,..,..,..,..,..,..,..,..,..,..,..,..,..,..,..,..,..,..,..,..,..,..,..,..,..,..,..,..,..,..,..,..,..,..,..,..,..,..,..,..,..,..,..,..,..,..,..,..,..,..,..,..,..,..,..,..,..,..,..,..,..,..,..,..,..,..,..,..,..,..,..,..,..,..,..,..,..,..,..,..,..,..,..,..,..,..,..,..,..,..,..,..,..,..,..,..,..,..,..,..,..,..,..,..,..,..,..,..,..,..,..,..,..,..,..,..,..,..,..,..,..,..,..,..,..,..,..
..REGION X (NORTHERN MINDANAO),"Peanut with shell, dry",..,..,..,..,..,..,..,..,..,..,..,..,..,..,..,..,..,..,..,..,..,..,..,..,..,..,..,..,..,..,..,..,..,..,..,..,..,..,..,..,..,..,..,..,..,..,..,..,..,..,..,..,..,..,..,..,..,..,..,..,..,..,..,..,..,..,..,..,..,..,..,..,..,..,..,..,..,..,..,..,..,..,..,..,..,..,..,..,..,..,..,..,..,..,..,..,..,..,..,..,..,..,..,..,..,..,..,..,..,..,..,..,..,..,..,..,..,..,..,..,..,..,..,..,..,..,..,..,..,..,..,..,..,..,..,..,..,..,..,..,..,..,..,..,..,..,..,..,..,..,..,..,..,..,..,..
..REGION X (NORTHERN MINDANAO),"Peanut without shell, dry",72.71,71.53,72.14,72.77,72.8,72.45,70,70,70,70,70.23,74.13,..,..,..,..,..,..,..,..,..,..,..,..,..,..,..,..,..,..,..,..,..,..,..,..,..,..,..,..,..,..,..,..,..,..,..,..,..,..,..,..,..,..,..,..,..,..,..,..,..,..,..,..,..,..,..,..,..,..,..,..,..,..,..,..,..,..,..,..,..,..,..,..,..,..,..,..,..,..,..,..,..,..,..,..,..,..,..,..,..,..,..,..,..,..,..,..,..,..,..,..,..,..,..,..,..,..,..,..,..,..,..,..,..,..,..,..,..,..,..,..,..,..,..,..,..,..,..,..,..,..,..,..,..,..,..,..,..,..,..,..,..,..,..,..
..REGION X (NORTHERN MINDANAO),Stringbeans,20.76,21.36,19.08,27.58,28.76,25.62,13.92,13.49,13.94,15.5,17.13,18.49,24.43,31.65,24.93,20.3,20.71,23.94,19.08,21.74,22.89,14.08,17.28,20.28,19.26,24.8,22.48,18.8,19.75,15.45,16.86,21.83,23.55,24.57,27.85,23.69,24.51,26.15,26.36,25.42,24.57,25.22,22.43,19.02,13.02,22.98,32.06,27.03,33.7,48.3,40.95,38.58,16.72,19.97,17.08,18.74,25.42,22.8,21.37,27.09,34.49,24.2,25.66,..,52.22,41.29,28.77,17.29,15.97,18.09,30.44,36.68,19.54,22.95,38.4,52.92,35.72,39.51,29.08,13.34,19.32,27.42,22.77,32.92,26.31,34.73,32.83,29.53,22.34,19.47,17.6,17.66,24.58,27.14,28.52,30.03,..,32.57,31.46,34.15,33.23,30,27.38,24,29,..,30,30,30,41.67,50,50,50,46.47,23.39,18.57,19.55,26.97,44.15,33.15,23,..,34.31,20.31,21.09,24.38,15,10.77,10.38,14.94,15,15,24.08,22.83,17.63,17.62,14.48,11.23,11.2,12.68,20,19,17.52,22.89,21.46,26.69,24.03,16.22,13.32,15.28,16.75,16.31,..,16.49,16.71,19.82
..REGION X (NORTHERN MINDANAO),Sweet Peas,30.3,45,44.67,83.95,60,48.33,63.48,80,70,72.5,119.25,83.94,43.33,83.17,66.88,44.8,69.22,154.81,119.41,75.77,171.61,243.85,92.31,67.96,..,..,..,..,..,..,..,..,..,..,..,..,..,..,..,..,..,..,..,..,..,..,..,..,..,91.2,55.96,75.5,87.1,60.76,68.97,93.31,87.85,87.67,104.04,55.08,..,..,..,..,..,..,..,..,..,..,..,..,..,..,..,..,..,..,..,..,..,..,..,..,..,..,..,..,..,..,..,..,..,..,..,..,..,..,..,..,..,..,..,..,..,..,..,..,..,..,..,..,..,..,..,..,..,..,..,..,..,..,..,..,..,..,..,..,..,..,..,..,..,..,..,..,..,..,..,..,..,..,..,..,..,..,..,..,..,..,..,..,..,..,..,..
..REGION X (NORTHERN MINDANAO),Sweet Peas Native,..,..,..,..,..,..,..,..,..,..,..,..,..,..,..,..,..,..,..,..,..,..,..,..,..,..,..,..,..,..,..,..,..,..,..,..,..,..,..,..,..,..,..,..,..,..,..,..,..,..,..,..,..,..,..,..,..,..,..,..,..,..,..,..,..,..,..,..,..,..,..,..,..,..,..,..,..,..,..,..,..,..,..,..,..,..,..,..,..,..,..,..,..,..,..,..,..,..,..,..,..,..,..,..,..,..,..,..,..,..,..,..,..,..,..,..,..,..,..,..,..,..,..,..,..,..,..,..,..,..,..,..,..,..,..,..,..,..,..,..,..,..,..,..,..,..,..,..,..,..,..,..,..,..,..,..
..REGION XI (DAVAO REGION),Habitchuelas [Snap beans],..,..,..,..,..,..,..,..,..,..,..,..,..,..,..,..,..,..,..,..,..,..,..,..,..,..,..,..,..,..,..,..,..,..,..,..,..,..,..,..,..,..,..,..,..,..,..,..,..,..,..,..,..,..,..,..,..,..,..,..,..,..,..,..,..,..,..,..,..,..,..,..,..,..,..,..,..,..,..,..,..,..,..,..,..,..,..,..,..,..,..,..,..,..,..,..,..,..,..,..,..,..,..,..,..,..,..,..,..,..,..,..,..,..,..,..,..,..,..,..,..,..,..,..,..,..,..,..,..,..,..,..,..,..,..,..,..,..,..,..,..,..,..,..,..,..,..,..,..,..,..,..,..,..,..,..
..REGION XI (DAVAO REGION),"Kidney Beans, white",..,..,..,..,..,..,..,..,..,..,..,..,..,..,..,..,..,..,..,..,..,..,..,..,..,..,..,..,..,..,..,..,..,..,..,..,..,..,..,..,..,..,..,..,..,..,..,..,..,..,..,..,..,..,..,..,..,..,..,..,..,..,..,..,..,..,..,..,..,..,..,..,..,..,..,..,..,..,..,..,..,..,..,..,..,..,..,..,..,..,..,..,..,..,..,..,..,..,..,..,..,..,..,..,..,..,..,..,..,..,..,..,..,..,..,..,..,..,..,..,..,..,..,..,..,..,..,..,..,..,..,..,..,..,..,..,..,..,..,..,..,..,..,..,..,..,..,..,..,..,..,..,..,..,..,..
..REGION XI (DAVAO REGION),"Mongo [Mungbean], green",..,..,..,..,..,..,..,..,..,..,..,..,..,..,..,..,..,..,..,..,..,..,..,..,..,..,..,..,..,..,..,..,..,..,..,..,..,..,..,..,..,..,..,..,..,..,..,..,..,..,..,..,..,..,..,..,..,..,..,..,..,..,..,..,..,..,..,..,..,..,..,..,..,..,..,..,..,..,..,..,..,..,..,..,..,..,..,..,..,..,..,..,..,..,..,..,..,..,..,..,..,..,..,..,..,..,..,..,..,..,..,..,..,..,..,..,..,..,..,..,..,..,..,..,..,..,..,..,..,..,..,..,..,..,..,..,..,..,..,..,..,..,..,..,..,..,..,..,..,..,..,..,..,..,..,..
..REGION XI (DAVAO REGION),"Mongo [Mungbean], Yellow",..,..,..,..,..,..,..,..,..,..,..,..,..,..,..,..,..,..,..,..,..,..,..,..,..,..,..,..,..,..,..,..,..,..,..,..,..,..,..,..,..,..,..,..,..,..,..,..,..,..,..,..,..,..,..,..,..,..,..,..,..,..,..,..,..,..,..,..,..,..,..,..,..,..,..,..,..,..,..,..,..,..,..,..,..,..,..,..,..,..,..,..,..,..,..,..,..,..,..,..,..,..,..,..,..,..,..,..,..,..,..,..,..,..,..,..,..,..,..,..,..,..,..,..,..,..,..,..,..,..,..,..,..,..,..,..,..,..,..,..,..,..,..,..,..,..,..,..,..,..,..,..,..,..,..,..
..REGION XI (DAVAO REGION),"Peanut with shell, dry",..,..,..,..,..,..,..,..,..,..,..,..,..,..,..,..,..,..,..,..,..,..,..,..,..,..,..,..,..,..,..,..,..,..,..,..,..,..,..,..,..,..,..,..,..,..,..,..,..,..,..,..,..,..,..,..,..,..,..,..,..,..,..,..,..,..,..,..,..,..,..,..,..,..,..,..,..,..,..,..,..,..,..,..,..,..,..,..,..,..,..,..,..,..,..,..,..,..,..,..,..,..,..,..,..,..,..,..,..,..,..,..,..,..,..,..,..,..,..,..,..,..,..,..,..,..,..,..,..,..,..,..,..,..,..,..,..,..,..,..,..,..,..,..,..,..,..,..,..,..,..,..,..,..,..,..
..REGION XI (DAVAO REGION),"Peanut without shell, dry",..,..,..,..,..,..,..,..,..,..,..,..,..,..,..,..,..,..,..,..,..,..,..,..,..,..,..,..,..,..,..,..,..,..,..,..,..,..,..,..,..,..,..,..,..,..,..,..,..,..,..,..,..,..,..,..,..,..,..,..,..,..,..,..,..,..,..,..,..,..,..,..,..,..,..,..,..,..,..,..,..,..,..,..,..,..,..,..,..,..,..,..,..,..,..,..,..,..,..,..,..,..,..,..,..,..,..,..,..,..,..,..,..,..,..,..,..,..,..,..,..,..,..,..,..,..,..,..,..,..,..,..,..,..,..,..,..,..,..,..,..,..,..,..,..,..,..,..,..,..,..,..,..,..,..,..
..REGION XI (DAVAO REGION),Stringbeans,28.61,36.75,28.3,30.68,24.82,25.88,18.92,13.2,10.27,15.67,18.37,19.53,19.55,25.68,24.39,20.56,23.58,33.53,25.26,20.63,17.41,17.78,20.55,26.6,28.93,22.72,16.23,16.07,21.22,19.58,18.58,22.95,19.57,20.58,32.13,25.09,35.4,26.3,20.52,20.72,19.42,21.95,16.57,18.6,17.54,23.95,40.7,24.76,29.08,28.38,27.77,29.82,29.12,27.57,22,21.13,20.5,18.95,25.5,30.5,45.17,36.1,26.98,41.78,42.13,37.15,30.15,28.64,19.92,22.57,29,..,36.77,47.07,49.32,44.23,44,44.23,32.84,21.68,23.78,18.63,22.1,30.75,38.92,36.22,31,25.35,26.07,27.2,33.98,30.87,31.2,27.02,..,40.11,..,36.25,34.17,35.27,39.05,38.62,26.98,31.37,30.47,34.93,37.23,40.57,52.4,50.67,42.17,37.08,32.8,36.08,38.37,21.49,21.46,28.82,35.08,29.73,38.77,32.05,..,34.55,37.02,27.54,11.47,8.47,13.29,31.37,34.17,29.91,45.05,34.1,33.71,31.47,34.06,29.42,35.12,52.63,46.06,33.02,47.27,50.82,65.11,67,61.85,50.75,41.55,31.2,41.19,42.84,37.82,37.83,46.68,50.29
..REGION XI (DAVAO REGION),Sweet Peas,..,..,..,..,..,..,..,..,..,..,..,..,..,..,..,..,..,..,..,..,..,..,..,..,..,..,..,..,..,..,..,..,..,..,..,..,..,..,..,..,..,..,..,..,..,..,..,..,..,..,..,..,..,..,..,..,..,..,..,..,..,..,..,..,..,..,..,..,..,..,..,..,..,..,..,..,..,..,..,..,..,..,..,..,..,..,..,..,..,..,..,..,..,..,..,..,..,..,..,..,..,..,..,..,..,..,..,..,..,..,..,..,..,..,..,..,..,..,..,..,..,..,..,..,..,..,..,..,..,..,..,..,..,..,..,..,..,..,..,..,..,..,..,..,..,..,..,..,..,..,..,..,..,..,..,..
..REGION XI (DAVAO REGION),Sweet Peas Native,..,..,..,..,..,..,..,..,..,..,..,..,..,..,..,..,..,..,..,..,..,..,..,..,..,..,..,..,..,..,..,..,..,..,..,..,..,..,..,..,..,..,..,..,..,..,..,..,..,..,..,..,..,..,..,..,..,..,..,..,..,..,..,..,..,..,..,..,..,..,..,..,..,..,..,..,..,..,..,..,..,..,..,..,..,..,..,..,..,..,..,..,..,..,..,..,..,..,..,..,..,..,..,..,..,..,..,..,..,..,..,..,..,..,..,..,..,..,..,..,..,..,..,..,..,..,..,..,..,..,..,..,..,..,..,..,..,..,..,..,..,..,..,..,..,..,..,..,..,..,..,..,..,..,..,..
..REGION XII (SOCCSKSARGEN),Habitchuelas [Snap beans],..,..,..,..,..,..,..,..,..,..,..,..,..,..,..,..,..,..,..,..,..,..,..,..,..,..,..,..,..,..,..,..,..,..,..,..,..,..,..,..,..,..,..,..,..,..,..,..,..,..,..,..,..,..,..,..,..,..,..,..,..,..,..,..,..,..,..,..,..,..,..,..,..,..,..,..,..,..,..,..,..,..,..,..,..,..,..,..,..,..,..,..,..,..,..,..,..,..,..,..,..,..,..,..,..,..,..,..,..,..,..,..,..,..,..,..,..,..,..,..,..,..,..,..,..,..,..,..,..,..,..,..,..,..,..,..,..,..,..,..,..,..,..,..,..,..,..,..,..,..,..,..,..,..,..,..
..REGION XII (SOCCSKSARGEN),"Kidney Beans, white",..,..,..,..,..,..,..,..,..,..,..,..,..,..,..,..,..,..,..,..,..,..,..,..,..,..,..,..,..,..,..,..,..,..,..,..,..,..,..,..,..,..,..,..,..,..,..,..,..,..,..,..,..,..,..,..,..,..,..,..,..,..,..,..,..,..,..,..,..,..,..,..,..,..,..,..,..,..,..,..,..,..,..,..,..,..,..,..,..,..,..,..,..,..,..,..,..,..,..,..,..,..,..,..,..,..,..,..,..,..,..,..,..,..,..,..,..,..,..,..,..,..,..,..,..,..,..,..,..,..,..,..,..,..,..,..,..,..,..,..,..,..,..,..,..,..,..,..,..,..,..,..,..,..,..,..
..REGION XII (SOCCSKSARGEN),"Mongo [Mungbean], green",..,..,..,..,..,..,..,..,..,..,..,..,..,..,..,..,..,..,..,..,..,..,..,..,..,..,..,..,..,..,..,..,..,..,..,..,..,..,..,..,..,..,..,..,..,..,..,..,..,..,..,..,..,..,..,..,..,..,..,..,..,..,..,..,..,..,..,..,..,..,..,..,..,..,..,..,..,..,..,..,..,..,..,..,..,..,..,..,..,..,..,..,..,..,..,..,..,..,..,..,..,..,..,..,..,..,..,..,..,..,..,..,..,..,..,..,..,..,..,..,..,..,..,..,..,..,..,..,..,..,..,..,..,..,..,..,..,..,..,..,..,..,..,..,..,..,..,..,..,..,..,..,..,..,..,..
..REGION XII (SOCCSKSARGEN),"Mongo [Mungbean], Yellow",..,..,..,..,..,..,..,..,..,..,..,..,..,..,..,..,..,..,..,..,..,..,..,..,..,..,..,..,..,..,..,..,..,..,..,..,..,..,..,..,..,..,..,..,..,..,..,..,..,..,..,..,..,..,..,..,..,..,..,..,..,..,..,..,..,..,..,..,..,..,..,..,..,..,..,..,..,..,..,..,..,..,..,..,..,..,..,..,..,..,..,..,..,..,..,..,..,..,..,..,..,..,..,..,..,..,..,..,..,..,..,..,..,..,..,..,..,..,..,..,..,..,..,..,..,..,..,..,..,..,..,..,..,..,..,..,..,..,..,..,..,..,..,..,..,..,..,..,..,..,..,..,..,..,..,..
..REGION XII (SOCCSKSARGEN),"Peanut with shell, dry",..,..,..,..,..,..,..,..,..,..,..,..,..,..,..,..,..,..,..,..,..,..,..,..,..,..,..,..,..,..,..,..,..,..,..,..,..,..,..,..,..,..,..,..,..,..,..,..,..,..,..,..,..,..,..,..,..,..,..,..,..,..,..,..,..,..,..,..,..,..,..,..,..,..,..,..,..,..,..,..,..,..,..,..,..,..,..,..,..,..,..,..,..,..,..,..,..,..,..,..,..,..,..,..,..,..,..,..,..,..,..,..,..,..,..,..,..,..,..,..,..,..,..,..,..,..,..,..,..,..,..,..,..,..,..,..,..,..,..,..,..,..,..,..,..,..,..,..,..,..,..,..,..,..,..,..
..REGION XII (SOCCSKSARGEN),"Peanut without shell, dry",..,..,..,..,..,..,..,..,..,..,..,..,..,..,..,..,..,..,..,..,..,..,..,..,..,..,..,..,..,..,..,..,..,..,..,..,..,..,..,..,..,..,..,..,..,..,..,..,..,..,..,..,..,..,..,..,..,..,..,..,..,..,..,..,..,..,..,..,..,..,..,..,..,..,..,..,..,..,..,..,..,..,..,..,..,..,..,..,..,..,..,..,..,..,..,..,..,..,..,..,..,..,..,..,..,..,..,..,..,..,..,..,..,..,..,..,..,..,..,..,..,..,..,..,..,..,..,..,..,..,..,..,..,..,..,..,..,..,..,..,..,..,..,..,..,..,..,..,..,..,..,..,..,..,..,..
..REGION XII (SOCCSKSARGEN),Stringbeans,..,..,..,..,..,..,..,..,..,..,..,..,..,..,..,..,..,..,..,..,..,..,..,..,..,..,..,..,..,..,..,..,..,..,..,..,..,..,..,..,..,..,..,..,..,..,..,..,..,..,..,..,..,..,..,..,..,..,..,..,..,..,..,..,..,..,..,..,..,..,..,..,..,..,..,..,..,..,..,..,..,..,..,..,..,..,..,..,..,..,..,..,..,..,..,..,..,..,..,..,..,..,..,..,..,..,..,..,..,..,..,..,..,..,..,..,..,..,..,..,..,..,..,..,..,..,..,..,..,..,..,..,..,..,..,..,..,..,..,..,..,..,..,..,..,..,..,..,..,..,..,..,..,..,..,..
..REGION XII (SOCCSKSARGEN),Sweet Peas,..,..,..,..,..,..,..,..,..,..,..,..,..,..,..,..,..,..,..,..,..,..,..,..,..,..,..,..,..,..,..,..,..,..,..,..,..,..,..,..,..,..,..,..,..,..,..,..,..,..,..,..,..,..,..,..,..,..,..,..,..,..,..,..,..,..,..,..,..,..,..,..,..,..,..,..,..,..,..,..,..,..,..,..,..,..,..,..,..,..,..,..,..,..,..,..,..,..,..,..,..,..,..,..,..,..,..,..,..,..,..,..,..,..,..,..,..,..,..,..,..,..,..,..,..,..,..,..,..,..,..,..,..,..,..,..,..,..,..,..,..,..,..,..,..,..,..,..,..,..,..,..,..,..,..,..
..REGION XII (SOCCSKSARGEN),Sweet Peas Native,..,..,..,..,..,..,..,..,..,..,..,..,..,..,..,..,..,..,..,..,..,..,..,..,..,..,..,..,..,..,..,..,..,..,..,..,..,..,..,..,..,..,..,..,..,..,..,..,..,..,..,..,..,..,..,..,..,..,..,..,..,..,..,..,..,..,..,..,..,..,..,..,..,..,..,..,..,..,..,..,..,..,..,..,..,..,..,..,..,..,..,..,..,..,..,..,..,..,..,..,..,..,..,..,..,..,..,..,..,..,..,..,..,..,..,..,..,..,..,..,..,..,..,..,..,..,..,..,..,..,..,..,..,..,..,..,..,..,..,..,..,..,..,..,..,..,..,..,..,..,..,..,..,..,..,..
..REGION XIII (CARAGA),Habitchuelas [Snap beans],..,..,..,..,..,..,..,..,..,..,..,..,..,..,..,..,..,..,..,..,..,..,..,..,..,..,..,..,..,..,..,..,..,..,..,..,..,..,..,..,..,..,..,..,..,..,..,..,..,..,..,..,..,..,..,..,..,..,..,..,..,..,..,..,..,..,..,..,..,..,..,..,..,..,..,..,..,..,..,..,..,..,..,..,..,..,..,..,..,..,..,..,..,..,..,..,..,..,..,..,..,..,..,..,..,..,..,..,..,..,..,..,..,..,..,..,..,..,..,..,..,..,..,..,..,..,..,..,..,..,..,..,..,..,..,..,..,..,..,..,..,..,..,..,..,..,..,..,..,..,..,..,..,..,..,..
..REGION XIII (CARAGA),"Kidney Beans, white",..,..,..,..,..,..,..,..,..,..,..,..,..,..,..,..,..,..,..,..,..,..,..,..,..,..,..,..,..,..,..,..,..,..,..,..,..,..,..,..,..,..,..,..,..,..,..,..,..,..,..,..,..,..,..,..,..,..,..,..,..,..,..,..,..,..,..,..,..,..,..,..,..,..,..,..,..,..,..,..,..,..,..,..,..,..,..,..,..,..,..,..,..,..,..,..,..,..,..,..,..,..,..,..,..,..,..,..,..,..,..,..,..,..,..,..,..,..,..,..,..,..,..,..,..,..,..,..,..,..,..,..,..,..,..,..,..,..,..,..,..,..,..,..,..,..,..,..,..,..,..,..,..,..,..,..
..REGION XIII (CARAGA),"Mongo [Mungbean], green",..,..,..,..,..,..,..,..,..,..,..,..,..,..,..,..,..,..,..,..,..,..,..,..,..,..,..,..,..,..,..,..,..,..,..,..,..,..,..,..,..,..,..,..,..,..,..,..,..,..,..,..,..,..,..,..,..,..,..,..,..,..,..,..,..,..,..,..,..,..,..,..,..,..,..,..,..,..,..,..,..,..,..,..,..,..,..,..,..,..,..,..,..,..,..,..,..,..,..,..,..,..,..,..,..,..,..,..,..,..,..,..,..,..,..,..,..,..,..,..,..,..,..,..,..,..,..,..,..,..,..,..,..,..,..,..,..,..,..,..,..,..,..,..,..,..,..,..,..,..,..,..,..,..,..,..
..REGION XIII (CARAGA),"Mongo [Mungbean], Yellow",..,..,..,..,..,..,..,..,..,..,..,..,..,..,..,..,..,..,..,..,..,..,..,..,..,..,..,..,..,..,..,..,..,..,..,..,..,..,..,..,..,..,..,..,..,..,..,..,..,..,..,..,..,..,..,..,..,..,..,..,..,..,..,..,..,..,..,..,..,..,..,..,..,..,..,..,..,..,..,..,..,..,..,..,..,..,..,..,..,..,..,..,..,..,..,..,..,..,..,..,..,..,..,..,..,..,..,..,..,..,..,..,..,..,..,..,..,..,..,..,..,..,..,..,..,..,..,..,..,..,..,..,..,..,..,..,..,..,..,..,..,..,..,..,..,..,..,..,..,..,..,..,..,..,..,..
..REGION XIII (CARAGA),"Peanut with shell, dry",..,..,..,..,..,..,..,..,..,..,..,..,..,..,..,..,..,..,..,..,..,..,..,..,..,..,..,..,..,..,..,..,..,..,..,..,..,..,..,..,..,..,..,..,..,..,..,..,..,..,..,..,..,..,..,..,..,..,..,..,..,..,..,..,..,..,..,..,..,..,..,..,..,..,..,..,..,..,..,..,..,..,..,..,..,..,..,..,..,..,..,..,..,..,..,..,..,..,..,..,..,..,..,..,..,..,..,..,..,..,..,..,..,..,..,..,..,..,..,..,..,..,..,..,..,..,..,..,..,..,..,..,..,..,..,..,..,..,..,..,..,..,..,..,..,..,..,..,..,..,..,..,..,..,..,..
..REGION XIII (CARAGA),"Peanut without shell, dry",..,..,..,..,..,..,..,..,..,..,..,..,..,..,..,..,..,..,..,..,..,..,..,..,..,..,..,..,..,..,..,..,..,..,..,..,..,..,..,..,..,..,..,..,..,..,..,..,..,..,..,..,..,..,..,..,..,..,..,..,..,..,..,..,..,..,..,..,..,..,..,..,..,..,..,..,..,..,..,..,..,..,..,..,..,..,..,..,..,..,..,..,..,..,..,..,..,..,..,..,..,..,..,..,..,..,..,..,..,..,..,..,..,..,..,..,..,..,..,..,..,..,..,..,..,..,..,..,..,..,..,..,..,..,..,..,..,..,..,..,..,..,..,..,..,..,..,..,..,..,..,..,..,..,..,..
..REGION XIII (CARAGA),Stringbeans,..,..,..,..,..,..,..,..,..,..,..,..,..,..,..,..,..,..,..,..,..,..,..,..,..,..,..,..,..,..,..,..,..,..,..,..,..,..,..,..,..,..,..,..,..,..,..,..,..,..,..,..,..,..,..,..,..,..,..,..,..,..,..,..,..,..,..,..,..,..,..,..,..,..,..,..,..,..,..,..,..,..,..,..,..,..,..,..,..,..,..,..,..,..,..,..,..,..,..,..,..,..,..,..,..,..,..,..,..,..,..,..,..,..,..,..,..,..,..,..,..,..,..,..,..,..,..,..,..,..,..,..,..,..,..,..,..,..,..,..,..,..,..,..,..,..,..,..,..,..,..,..,..,..,..,..
..REGION XIII (CARAGA),Sweet Peas,..,..,..,..,..,..,..,..,..,..,..,..,..,..,..,..,..,..,..,..,..,..,..,..,..,..,..,..,..,..,..,..,..,..,..,..,..,..,..,..,..,..,..,..,..,..,..,..,..,..,..,..,..,..,..,..,..,..,..,..,..,..,..,..,..,..,..,..,..,..,..,..,..,..,..,..,..,..,..,..,..,..,..,..,..,..,..,..,..,..,..,..,..,..,..,..,..,..,..,..,..,..,..,..,..,..,..,..,..,..,..,..,..,..,..,..,..,..,..,..,..,..,..,..,..,..,..,..,..,..,..,..,..,..,..,..,..,..,..,..,..,..,..,..,..,..,..,..,..,..,..,..,..,..,..,..
..REGION XIII (CARAGA),Sweet Peas Native,..,..,..,..,..,..,..,..,..,..,..,..,..,..,..,..,..,..,..,..,..,..,..,..,..,..,..,..,..,..,..,..,..,..,..,..,..,..,..,..,..,..,..,..,..,..,..,..,..,..,..,..,..,..,..,..,..,..,..,..,..,..,..,..,..,..,..,..,..,..,..,..,..,..,..,..,..,..,..,..,..,..,..,..,..,..,..,..,..,..,..,..,..,..,..,..,..,..,..,..,..,..,..,..,..,..,..,..,..,..,..,..,..,..,..,..,..,..,..,..,..,..,..,..,..,..,..,..,..,..,..,..,..,..,..,..,..,..,..,..,..,..,..,..,..,..,..,..,..,..,..,..,..,..,..,..
..AUTONOMOUS REGION IN MUSLIM MINDANAO (ARMM),Habitchuelas [Snap beans],..,..,..,..,..,..,..,..,..,..,..,..,..,..,..,..,..,..,..,..,..,..,..,..,..,..,..,..,..,..,..,..,..,..,..,..,..,..,..,..,..,..,..,..,..,..,..,..,..,..,..,..,..,..,..,..,..,..,..,..,..,..,..,..,..,..,..,..,..,..,..,..,..,..,..,..,..,..,..,..,..,..,..,..,..,..,..,..,..,..,..,..,..,..,..,..,..,..,..,..,..,..,..,..,..,..,..,..,..,..,..,..,..,..,..,..,..,..,..,..,..,..,..,..,..,..,..,..,..,..,..,..,..,..,..,..,..,..,..,..,..,..,..,..,..,..,..,..,..,..,..,..,..,..,..,..
..AUTONOMOUS REGION IN MUSLIM MINDANAO (ARMM),"Kidney Beans, white",..,..,..,..,..,..,..,..,..,..,..,..,..,..,..,..,..,..,..,..,..,..,..,..,..,..,..,..,..,..,..,..,..,..,..,..,..,..,..,..,..,..,..,..,..,..,..,..,..,..,..,..,..,..,..,..,..,..,..,..,..,..,..,..,..,..,..,..,..,..,..,..,..,..,..,..,..,..,..,..,..,..,..,..,..,..,..,..,..,..,..,..,..,..,..,..,..,..,..,..,..,..,..,..,..,..,..,..,..,..,..,..,..,..,..,..,..,..,..,..,..,..,..,..,..,..,..,..,..,..,..,..,..,..,..,..,..,..,..,..,..,..,..,..,..,..,..,..,..,..,..,..,..,..,..,..
..AUTONOMOUS REGION IN MUSLIM MINDANAO (ARMM),"Mongo [Mungbean], green",..,..,..,..,..,..,..,..,..,..,..,..,..,..,..,..,..,..,..,..,..,..,..,..,..,..,..,..,..,..,..,..,..,..,..,..,..,..,..,..,..,..,..,..,..,..,..,..,..,..,..,..,..,..,..,..,..,..,..,..,..,..,..,..,..,..,..,..,..,..,..,..,..,..,..,..,..,..,..,..,..,..,..,..,..,..,..,..,..,..,..,..,..,..,..,..,..,..,..,..,..,..,..,..,..,..,..,..,..,..,..,..,..,..,..,..,..,..,..,..,..,..,..,..,..,..,..,..,..,..,..,..,..,..,..,..,..,..,..,..,..,..,..,..,..,..,..,..,..,..,..,..,..,..,..,..
..AUTONOMOUS REGION IN MUSLIM MINDANAO (ARMM),"Mongo [Mungbean], Yellow",..,..,..,..,..,..,..,..,..,..,..,..,..,..,..,..,..,..,..,..,..,..,..,..,..,..,..,..,..,..,..,..,..,..,..,..,..,..,..,..,..,..,..,..,..,..,..,..,..,..,..,..,..,..,..,..,..,..,..,..,..,..,..,..,..,..,..,..,..,..,..,..,..,..,..,..,..,..,..,..,..,..,..,..,..,..,..,..,..,..,..,..,..,..,..,..,..,..,..,..,..,..,..,..,..,..,..,..,..,..,..,..,..,..,..,..,..,..,..,..,..,..,..,..,..,..,..,..,..,..,..,..,..,..,..,..,..,..,..,..,..,..,..,..,..,..,..,..,..,..,..,..,..,..,..,..
..AUTONOMOUS REGION IN MUSLIM MINDANAO (ARMM),"Peanut with shell, dry",..,..,..,..,..,..,..,..,..,..,..,..,..,..,..,..,..,..,..,..,..,..,..,..,..,..,..,..,..,..,..,..,..,..,..,..,..,..,..,..,..,..,..,..,..,..,..,..,..,..,..,..,..,..,..,..,..,..,..,..,..,..,..,..,..,..,..,..,..,..,..,..,..,..,..,..,..,..,..,..,..,..,..,..,..,..,..,..,..,..,..,..,..,..,..,..,..,..,..,..,..,..,..,..,..,..,..,..,..,..,..,..,..,..,..,..,..,..,..,..,..,..,..,..,..,..,..,..,..,..,..,..,..,..,..,..,..,..,..,..,..,..,..,..,..,..,..,..,..,..,..,..,..,..,..,..
..AUTONOMOUS REGION IN MUSLIM MINDANAO (ARMM),"Peanut without shell, dry",..,..,..,..,..,..,..,..,..,..,..,..,..,..,..,..,..,..,..,..,..,..,..,..,..,..,..,..,..,..,..,..,..,..,..,..,..,..,..,..,..,..,..,..,..,..,..,..,..,..,..,..,..,..,..,..,..,..,..,..,..,..,..,..,..,..,..,..,..,..,..,..,..,..,..,..,..,..,..,..,..,..,..,..,..,..,..,..,..,..,..,..,..,..,..,..,..,..,..,..,..,..,..,..,..,..,..,..,..,..,..,..,..,..,..,..,..,..,..,..,..,..,..,..,..,..,..,..,..,..,..,..,..,..,..,..,..,..,..,..,..,..,..,..,..,..,..,..,..,..,..,..,..,..,..,..
..AUTONOMOUS REGION IN MUSLIM MINDANAO (ARMM),Stringbeans,..,..,..,..,..,..,..,..,..,..,..,..,..,..,..,..,..,..,..,..,..,..,..,..,..,..,..,..,..,..,..,..,..,..,..,..,..,..,..,..,..,..,..,..,..,..,..,..,..,..,..,..,..,..,..,..,..,..,..,..,..,..,..,..,..,..,..,..,..,..,..,..,..,..,..,..,..,..,..,..,..,..,..,..,..,..,..,..,..,..,..,..,..,..,..,..,..,..,..,..,..,..,..,..,..,..,..,..,..,..,..,..,..,..,..,..,..,..,..,..,..,..,..,..,..,..,..,..,..,..,..,..,..,..,..,..,..,..,..,..,..,..,..,..,..,..,..,..,..,..,..,..,..,..,..,..
..AUTONOMOUS REGION IN MUSLIM MINDANAO (ARMM),Sweet Peas,..,..,..,..,..,..,..,..,..,..,..,..,..,..,..,..,..,..,..,..,..,..,..,..,..,..,..,..,..,..,..,..,..,..,..,..,..,..,..,..,..,..,..,..,..,..,..,..,..,..,..,..,..,..,..,..,..,..,..,..,..,..,..,..,..,..,..,..,..,..,..,..,..,..,..,..,..,..,..,..,..,..,..,..,..,..,..,..,..,..,..,..,..,..,..,..,..,..,..,..,..,..,..,..,..,..,..,..,..,..,..,..,..,..,..,..,..,..,..,..,..,..,..,..,..,..,..,..,..,..,..,..,..,..,..,..,..,..,..,..,..,..,..,..,..,..,..,..,..,..,..,..,..,..,..,..
..AUTONOMOUS REGION IN MUSLIM MINDANAO (ARMM),Sweet Peas Native,..,..,..,..,..,..,..,..,..,..,..,..,..,..,..,..,..,..,..,..,..,..,..,..,..,..,..,..,..,..,..,..,..,..,..,..,..,..,..,..,..,..,..,..,..,..,..,..,..,..,..,..,..,..,..,..,..,..,..,..,..,..,..,..,..,..,..,..,..,..,..,..,..,..,..,..,..,..,..,..,..,..,..,..,..,..,..,..,..,..,..,..,..,..,..,..,..,..,..,..,..,..,..,..,..,..,..,..,..,..,..,..,..,..,..,..,..,..,..,..,..,..,..,..,..,..,..,..,..,..,..,..,..,..,..,..,..,..,..,..,..,..,..,..,..,..,..,..,..,..,..,..,..,..,..,..
